File Path,Duration (seconds)
./voice-clips/Tifa Character Voice Lines Dialogue - Final Fantasy VII Remake FF7R [oiMcEhqHX_w].wav,2648.70022675737
./voice-clips/persona5/ann/english/p5r/00312_streaming_dec.wav,7.725708333333333
./voice-clips/persona5/ann/english/p5r/00303_streaming_dec.wav,7.725291666666666
./voice-clips/persona5/ann/english/p5r/00285_streaming_dec.wav,7.339583333333334
./voice-clips/persona5/ann/english/p5r/00307_streaming_dec.wav,7.201083333333333
./voice-clips/persona5/ann/english/p5r/00331_streaming_dec.wav,7.13225
./voice-clips/persona5/ann/english/p5r/00316_streaming_dec.wav,6.7999583333333335
./voice-clips/persona5/ann/english/p5r/00259_streaming_dec.wav,6.414833333333333
./voice-clips/persona5/ann/english/p5r/00328_streaming_dec.wav,6.326708333333333
./voice-clips/persona5/ann/english/p5r/00297_streaming_dec.wav,6.28975
./voice-clips/persona5/ann/english/p5r/00271_streaming_dec.wav,6.14875
./voice-clips/persona5/ann/english/p5r/00286_streaming_dec.wav,6.074875
./voice-clips/persona5/ann/english/p5r/00302_streaming_dec.wav,5.898916666666667
./voice-clips/persona5/ann/english/p5r/00270_streaming_dec.wav,5.8855
./voice-clips/persona5/ann/english/p5r/00237_streaming_dec.wav,5.727166666666666
./voice-clips/persona5/ann/english/p5r/00263_streaming_dec.wav,5.681875
./voice-clips/persona5/ann/english/p5r/00245_streaming_dec.wav,5.6685
./voice-clips/persona5/ann/english/p5r/00272_streaming_dec.wav,5.642458333333333
./voice-clips/persona5/ann/english/p5r/00254_streaming_dec.wav,5.6299166666666665
./voice-clips/persona5/ann/english/p5r/00345_streaming_dec.wav,5.5815
./voice-clips/persona5/ann/english/p5r/00343_streaming_dec.wav,5.501833333333333
./voice-clips/persona5/ann/english/p5r/00246_streaming_dec.wav,5.464
./voice-clips/persona5/ann/english/p5r/00342_streaming_dec.wav,5.443958333333334
./voice-clips/persona5/ann/english/p5r/00284_streaming_dec.wav,5.443875
./voice-clips/persona5/ann/english/p5r/00289_streaming_dec.wav,5.409458333333333
./voice-clips/persona5/ann/english/p5r/00305_streaming_dec.wav,5.339958333333334
./voice-clips/persona5/ann/english/p5r/00248_streaming_dec.wav,5.320416666666667
./voice-clips/persona5/ann/english/p5r/00269_streaming_dec.wav,5.315291666666667
./voice-clips/persona5/ann/english/p5r/00252_streaming_dec.wav,5.246666666666667
./voice-clips/persona5/ann/english/p5r/00319_streaming_dec.wav,5.209125
./voice-clips/persona5/ann/english/p5r/00258_streaming_dec.wav,5.191083333333333
./voice-clips/persona5/ann/english/p5r/00244_streaming_dec.wav,5.19025
./voice-clips/persona5/ann/english/p5r/00346_streaming_dec.wav,5.144708333333333
./voice-clips/persona5/ann/english/p5r/00330_streaming_dec.wav,5.144208333333333
./voice-clips/persona5/ann/english/p5r/00340_streaming_dec.wav,5.051833333333334
./voice-clips/persona5/ann/english/p5r/00298_streaming_dec.wav,5.038958333333333
./voice-clips/persona5/ann/english/p5r/00241_streaming_dec.wav,5.008958333333333
./voice-clips/persona5/ann/english/p5r/00347_streaming_dec.wav,5.001125
./voice-clips/persona5/ann/english/p5r/00251_streaming_dec.wav,4.983333333333333
./voice-clips/persona5/ann/english/p5r/00329_streaming_dec.wav,4.972833333333333
./voice-clips/persona5/ann/english/p5r/00240_streaming_dec.wav,4.961125
./voice-clips/persona5/ann/english/p5r/00335_streaming_dec.wav,4.942625
./voice-clips/persona5/ann/english/p5r/00257_streaming_dec.wav,4.941125
./voice-clips/persona5/ann/english/p5r/Ann Takamaki/05361_streaming_dec.wav,4.907583333333333
./voice-clips/persona5/ann/english/p5r/00287_streaming_dec.wav,4.8435
./voice-clips/persona5/ann/english/p5r/00260_streaming_dec.wav,4.840541666666667
./voice-clips/persona5/ann/english/p5r/00326_streaming_dec.wav,4.835208333333333
./voice-clips/persona5/ann/english/p5r/00306_streaming_dec.wav,4.811041666666667
./voice-clips/persona5/ann/english/p5r/00341_streaming_dec.wav,4.786583333333334
./voice-clips/persona5/ann/english/p5r/00333_streaming_dec.wav,4.779916666666667
./voice-clips/persona5/ann/english/p5r/00247_streaming_dec.wav,4.774583333333333
./voice-clips/persona5/ann/english/p5r/00253_streaming_dec.wav,4.724
./voice-clips/persona5/ann/english/p5r/Ann Takamaki/01256_streaming_dec.wav,4.711458333333334
./voice-clips/persona5/ann/english/p5r/00348_streaming_dec.wav,4.635
./voice-clips/persona5/ann/english/p5r/00294_streaming_dec.wav,4.616708333333333
./voice-clips/persona5/ann/english/p5r/00268_streaming_dec.wav,4.610666666666667
./voice-clips/persona5/ann/english/p5r/Ann Takamaki/00987_streaming_dec.wav,4.605
./voice-clips/persona5/ann/english/p5r/00280_streaming_dec.wav,4.593166666666667
./voice-clips/persona5/ann/english/p5r/00300_streaming_dec.wav,4.589041666666667
./voice-clips/persona5/ann/english/p5r/Ann Takamaki/05360_streaming_dec.wav,4.582333333333334
./voice-clips/persona5/ann/english/p5r/00266_streaming_dec.wav,4.542625
./voice-clips/persona5/ann/english/p5r/00296_streaming_dec.wav,4.513333333333334
./voice-clips/persona5/ann/english/p5r/00243_streaming_dec.wav,4.483958333333334
./voice-clips/persona5/ann/english/p5r/00290_streaming_dec.wav,4.476333333333334
./voice-clips/persona5/ann/english/p5r/00279_streaming_dec.wav,4.448083333333333
./voice-clips/persona5/ann/english/p5r/00281_streaming_dec.wav,4.446208333333334
./voice-clips/persona5/ann/english/p5r/Ann Takamaki/00096_streaming_dec.wav,4.436333333333334
./voice-clips/persona5/ann/english/p5r/00291_streaming_dec.wav,4.38675
./voice-clips/persona5/ann/english/p5r/00309_streaming_dec.wav,4.367166666666667
./voice-clips/persona5/ann/english/p5r/00277_streaming_dec.wav,4.361041666666667
./voice-clips/persona5/ann/english/p5r/00315_streaming_dec.wav,4.347541666666666
./voice-clips/persona5/ann/english/p5r/00301_streaming_dec.wav,4.339625
./voice-clips/persona5/ann/english/p5r/00278_streaming_dec.wav,4.325458333333334
./voice-clips/persona5/ann/english/p5r/00318_streaming_dec.wav,4.316583333333333
./voice-clips/persona5/ann/english/p5r/Ann Takamaki/01006_streaming_dec.wav,4.305625
./voice-clips/persona5/ann/english/p5r/00350_streaming_dec.wav,4.250916666666667
./voice-clips/persona5/ann/english/p5r/Ann Takamaki/00995_streaming_dec.wav,4.235833333333333
./voice-clips/persona5/ann/english/p5r/00310_streaming_dec.wav,4.22225
./voice-clips/persona5/ann/english/p5r/Ann Takamaki/01186_streaming_dec.wav,4.214916666666666
./voice-clips/persona5/ann/english/p5r/00304_streaming_dec.wav,4.21325
./voice-clips/persona5/ann/english/p5r/Ann Takamaki/01029_streaming_dec.wav,4.181
./voice-clips/persona5/ann/english/p5r/Ann Takamaki/01030_streaming_dec.wav,4.166916666666666
./voice-clips/persona5/ann/english/p5r/Ann Takamaki/01179_streaming_dec.wav,4.166541666666666
./voice-clips/persona5/ann/english/p5r/Ann Takamaki/01025_streaming_dec.wav,4.159
./voice-clips/persona5/ann/english/p5r/Ann Takamaki/00991_streaming_dec.wav,4.15125
./voice-clips/persona5/ann/english/p5r/00308_streaming_dec.wav,4.147291666666667
./voice-clips/persona5/ann/english/p5r/00295_streaming_dec.wav,4.146333333333334
./voice-clips/persona5/ann/english/p5r/Ann Takamaki/00976_streaming_dec.wav,4.13625
./voice-clips/persona5/ann/english/p5r/00239_streaming_dec.wav,4.12925
./voice-clips/persona5/ann/english/p5r/00293_streaming_dec.wav,4.107083333333334
./voice-clips/persona5/ann/english/p5r/00242_streaming_dec.wav,4.0785
./voice-clips/persona5/ann/english/p5r/00325_streaming_dec.wav,4.0540416666666665
./voice-clips/persona5/ann/english/p5r/Ann Takamaki/00997_streaming_dec.wav,4.0452916666666665
./voice-clips/persona5/ann/english/p5r/00292_streaming_dec.wav,4.017833333333333
./voice-clips/persona5/ann/english/p5r/00336_streaming_dec.wav,4.003708333333333
./voice-clips/persona5/ann/english/p5r/Ann Takamaki/01014_streaming_dec.wav,3.9867083333333335
./voice-clips/persona5/ann/english/p5r/Ann Takamaki/01024_streaming_dec.wav,3.9680416666666667
./voice-clips/persona5/ann/english/p5r/Ann Takamaki/00969_streaming_dec.wav,3.9408333333333334
./voice-clips/persona5/ann/english/p5r/Ann Takamaki/01183_streaming_dec.wav,3.8859166666666667
./voice-clips/persona5/ann/english/p5r/Ann Takamaki/01001_streaming_dec.wav,3.8758333333333335
./voice-clips/persona5/ann/english/p5r/00314_streaming_dec.wav,3.86525
./voice-clips/persona5/ann/english/p5r/00323_streaming_dec.wav,3.816666666666667
./voice-clips/persona5/ann/english/p5r/00324_streaming_dec.wav,3.815916666666667
./voice-clips/persona5/ann/english/p5r/Ann Takamaki/01051_streaming_dec.wav,3.8105416666666665
./voice-clips/persona5/ann/english/p5r/Ann Takamaki/01028_streaming_dec.wav,3.80075
./voice-clips/persona5/ann/english/p5r/Ann Takamaki/00094_streaming_dec.wav,3.7772083333333333
./voice-clips/persona5/ann/english/p5r/00256_streaming_dec.wav,3.7600416666666665
./voice-clips/persona5/ann/english/p5r/Ann Takamaki/01022_streaming_dec.wav,3.7485833333333334
./voice-clips/persona5/ann/english/p5r/Ann Takamaki/00988_streaming_dec.wav,3.673875
./voice-clips/persona5/ann/english/p5r/Ann Takamaki/00986_streaming_dec.wav,3.6666666666666665
./voice-clips/persona5/ann/english/p5r/Ann Takamaki/01027_streaming_dec.wav,3.6574583333333335
./voice-clips/persona5/ann/english/p5r/Ann Takamaki/00977_streaming_dec.wav,3.653583333333333
./voice-clips/persona5/ann/english/p5r/00276_streaming_dec.wav,3.6529166666666666
./voice-clips/persona5/ann/english/p5r/Ann Takamaki/05358_streaming_dec.wav,3.6439583333333334
./voice-clips/persona5/ann/english/p5r/Ann Takamaki/01003_streaming_dec.wav,3.6355
./voice-clips/persona5/ann/english/p5r/Ann Takamaki/00990_streaming_dec.wav,3.6289166666666666
./voice-clips/persona5/ann/english/p5r/Ann Takamaki/01026_streaming_dec.wav,3.6052916666666666
./voice-clips/persona5/ann/english/p5r/00283_streaming_dec.wav,3.603
./voice-clips/persona5/ann/english/p5r/Ann Takamaki/01023_streaming_dec.wav,3.601583333333333
./voice-clips/persona5/ann/english/p5r/00238_streaming_dec.wav,3.5829583333333335
./voice-clips/persona5/ann/japanese/p5r/Panther/bp04 [240].wav,3.574291666666667
./voice-clips/persona5/ann/english/p5r/00265_streaming_dec.wav,3.570875
./voice-clips/persona5/ann/english/p5r/Ann Takamaki/00083_streaming_dec.wav,3.5103333333333335
./voice-clips/persona5/ann/english/p5r/00282_streaming_dec.wav,3.5039583333333333
./voice-clips/persona5/ann/english/p5r/Ann Takamaki/00989_streaming_dec.wav,3.4985833333333334
./voice-clips/persona5/ann/english/p5r/Ann Takamaki/01255_streaming_dec.wav,3.4920416666666667
./voice-clips/persona5/ann/english/p5r/Ann Takamaki/00975_streaming_dec.wav,3.484375
./voice-clips/persona5/ann/english/p5r/Ann Takamaki/00088_streaming_dec.wav,3.484208333333333
./voice-clips/persona5/ann/japanese/p5r/Panther/bp04 [59].wav,3.483
./voice-clips/persona5/ann/english/p5r/00311_streaming_dec.wav,3.4627083333333335
./voice-clips/persona5/ann/english/p5r/00313_streaming_dec.wav,3.4515
./voice-clips/persona5/ann/english/p5r/Ann Takamaki/00086_streaming_dec.wav,3.440958333333333
./voice-clips/persona5/ann/english/p5r/Ann Takamaki/00980_streaming_dec.wav,3.4247083333333332
./voice-clips/persona5/ann/english/p5r/00332_streaming_dec.wav,3.4095416666666667
./voice-clips/persona5/ann/english/p5r/00321_streaming_dec.wav,3.3956666666666666
./voice-clips/persona5/ann/english/p5r/00255_streaming_dec.wav,3.395375
./voice-clips/persona5/ann/english/p5r/Ann Takamaki/00089_streaming_dec.wav,3.2809583333333334
./voice-clips/persona5/ann/english/p5r/Panther/bp04 [240].wav,3.2597916666666666
./voice-clips/persona5/ann/english/p5r/Ann Takamaki/00958_streaming_dec.wav,3.2194583333333333
./voice-clips/persona5/ann/english/p5r/00334_streaming_dec.wav,3.2112083333333334
./voice-clips/persona5/ann/english/p5r/Ann Takamaki/01252_streaming_dec.wav,3.2102083333333336
./voice-clips/persona5/ann/english/p5r/Ann Takamaki/01251_streaming_dec.wav,3.2085
./voice-clips/persona5/ann/english/p5r/Ann Takamaki/00084_streaming_dec.wav,3.178166666666667
./voice-clips/persona5/ann/english/p5r/00327_streaming_dec.wav,3.170166666666667
./voice-clips/persona5/ann/english/p5r/00337_streaming_dec.wav,3.1585
./voice-clips/persona5/ann/english/p5r/Ann Takamaki/00978_streaming_dec.wav,3.15725
./voice-clips/persona5/ann/english/p5r/00262_streaming_dec.wav,3.1354166666666665
./voice-clips/persona5/ann/english/p5r/00339_streaming_dec.wav,3.1320833333333336
./voice-clips/persona5/ann/english/p5r/00264_streaming_dec.wav,3.128
./voice-clips/persona5/ann/english/p5r/Ann Takamaki/01015_streaming_dec.wav,3.1119166666666667
./voice-clips/persona5/ann/english/p5r/00273_streaming_dec.wav,3.102708333333333
./voice-clips/persona5/ann/english/p5r/Ann Takamaki/00979_streaming_dec.wav,3.083833333333333
./voice-clips/persona5/ann/english/p5r/Ann Takamaki/00085_streaming_dec.wav,3.071083333333333
./voice-clips/persona5/ann/english/p5r/Ann Takamaki/00081_streaming_dec.wav,3.0632083333333333
./voice-clips/persona5/ann/english/p5r/00299_streaming_dec.wav,3.0541666666666667
./voice-clips/persona5/ann/english/p5r/Panther/bp04 [59].wav,3.0330833333333334
./voice-clips/persona5/ann/english/p5r/Ann Takamaki/01049_streaming_dec.wav,3.0315416666666666
./voice-clips/persona5/ann/english/p5r/Ann Takamaki/01064_streaming_dec.wav,3.015791666666667
./voice-clips/persona5/ann/english/p5r/Ann Takamaki/00091_streaming_dec.wav,2.99825
./voice-clips/persona5/ann/english/p5r/Ann Takamaki/01004_streaming_dec.wav,2.9707916666666665
./voice-clips/persona5/ann/english/p5r/Ann Takamaki/00993_streaming_dec.wav,2.9692083333333334
./voice-clips/persona5/ann/english/p5r/00249_streaming_dec.wav,2.952625
./voice-clips/persona5/ann/english/p5r/Ann Takamaki/01066_streaming_dec.wav,2.9487916666666667
./voice-clips/persona5/ann/japanese/p5r/Panther/bp04 [238].wav,2.9458333333333333
./voice-clips/persona5/ann/english/p5r/Ann Takamaki/01012_streaming_dec.wav,2.943208333333333
./voice-clips/persona5/ann/english/p5r/00267_streaming_dec.wav,2.9272916666666666
./voice-clips/persona5/ann/english/p5r/00322_streaming_dec.wav,2.9065833333333333
./voice-clips/persona5/ann/english/p5r/Ann Takamaki/01247_streaming_dec.wav,2.886458333333333
./voice-clips/persona5/ann/english/p5r/Ann Takamaki/01069_streaming_dec.wav,2.88275
./voice-clips/persona5/ann/english/p5r/Ann Takamaki/01011_streaming_dec.wav,2.882125
./voice-clips/persona5/ann/english/p5r/Ann Takamaki/01132_streaming_dec.wav,2.8735833333333334
./voice-clips/persona5/ann/english/p5r/00288_streaming_dec.wav,2.846375
./voice-clips/persona5/ann/english/p5r/Ann Takamaki/01065_streaming_dec.wav,2.826375
./voice-clips/persona5/ann/english/p5r/00274_streaming_dec.wav,2.817041666666667
./voice-clips/persona5/ann/english/p5r/Ann Takamaki/01074_streaming_dec.wav,2.798958333333333
./voice-clips/persona5/ann/english/p5r/00320_streaming_dec.wav,2.769083333333333
./voice-clips/persona5/ann/english/p5r/Ann Takamaki/00093_streaming_dec.wav,2.7447916666666665
./voice-clips/persona5/ann/english/p5r/Ann Takamaki/01055_streaming_dec.wav,2.7125416666666666
./voice-clips/persona5/ann/japanese/p5r/Panther/bp04 [146].wav,2.708875
./voice-clips/persona5/ann/english/p5r/Ann Takamaki/05359_streaming_dec.wav,2.690541666666667
./voice-clips/persona5/ann/english/p5r/Ann Takamaki/01250_streaming_dec.wav,2.681208333333333
./voice-clips/persona5/ann/english/p5r/Ann Takamaki/01242_streaming_dec.wav,2.6504583333333334
./voice-clips/persona5/ann/english/p5r/Ann Takamaki/00996_streaming_dec.wav,2.636
./voice-clips/persona5/ann/english/p5r/00344_streaming_dec.wav,2.6001666666666665
./voice-clips/persona5/ann/english/p5r/Panther/bp04 [146].wav,2.593875
./voice-clips/persona5/ann/japanese/p5r/Panther/bp04 [149].wav,2.5929166666666665
./voice-clips/persona5/ann/english/p5r/Ann Takamaki/00957_streaming_dec.wav,2.58375
./voice-clips/persona5/ann/japanese/p5r/Panther/bp04 [14].wav,2.582
./voice-clips/persona5/ann/japanese/p5r/Panther/bp04 [52].wav,2.5806666666666667
./voice-clips/persona5/ann/english/p5r/Ann Takamaki/01002_streaming_dec.wav,2.5744166666666666
./voice-clips/persona5/ann/english/p5r/Ann Takamaki/08826_streaming_dec.wav,2.565
./voice-clips/persona5/ann/english/p5r/Ann Takamaki/01184_streaming_dec.wav,2.5632083333333333
./voice-clips/persona5/ann/english/p5r/Ann Takamaki/01204_streaming_dec.wav,2.5617916666666667
./voice-clips/persona5/ann/english/p5r/Ann Takamaki/00982_streaming_dec.wav,2.551875
./voice-clips/persona5/ann/english/p5r/Ann Takamaki/01180_streaming_dec.wav,2.5355
./voice-clips/persona5/ann/english/p5r/Ann Takamaki/00959_streaming_dec.wav,2.533
./voice-clips/persona5/ann/english/p5r/Ann Takamaki/01046_streaming_dec.wav,2.5160416666666667
./voice-clips/persona5/ann/japanese/p5r/Panther/bp04 [55].wav,2.515458333333333
./voice-clips/persona5/ann/english/p5r/Panther/bp04 [52].wav,2.5135833333333335
./voice-clips/persona5/ann/english/p5r/00275_streaming_dec.wav,2.510125
./voice-clips/persona5/ann/english/p5r/Ann Takamaki/08859_streaming_dec.wav,2.479125
./voice-clips/persona5/ann/japanese/p5r/Panther/bp04 [181].wav,2.4736666666666665
./voice-clips/persona5/ann/english/p5r/Ann Takamaki/01009_streaming_dec.wav,2.472166666666667
./voice-clips/persona5/ann/english/p5r/Ann Takamaki/00964_streaming_dec.wav,2.466625
./voice-clips/persona5/ann/english/p5r/Ann Takamaki/00971_streaming_dec.wav,2.4555833333333332
./voice-clips/persona5/ann/japanese/p5r/Panther/bp04 [144].wav,2.451125
./voice-clips/persona5/ann/english/p5r/Ann Takamaki/08864_streaming_dec.wav,2.448875
./voice-clips/persona5/ann/english/p5r/Ann Takamaki/01021_streaming_dec.wav,2.44
./voice-clips/persona5/ann/english/p5r/Ann Takamaki/01050_streaming_dec.wav,2.433291666666667
./voice-clips/persona5/ann/english/p5r/Panther/bp04 [144].wav,2.4301666666666666
./voice-clips/persona5/ann/japanese/p5r/Panther/bp04 [199].wav,2.4239166666666665
./voice-clips/persona5/ann/english/p5r/Ann Takamaki/01067_streaming_dec.wav,2.421375
./voice-clips/persona5/ann/english/p5r/00250_streaming_dec.wav,2.416
./voice-clips/persona5/ann/japanese/p5r/Panther/bp04 [40].wav,2.4145
./voice-clips/persona5/ann/english/p5r/Ann Takamaki/01275_streaming_dec.wav,2.4023333333333334
./voice-clips/persona5/ann/english/p5r/00317_streaming_dec.wav,2.3968333333333334
./voice-clips/persona5/ann/english/p5r/Ann Takamaki/08868_streaming_dec.wav,2.390875
./voice-clips/persona5/ann/english/p5r/Ann Takamaki/01253_streaming_dec.wav,2.38275
./voice-clips/persona5/ann/english/p5r/Ann Takamaki/01054_streaming_dec.wav,2.3817916666666665
./voice-clips/persona5/ann/english/p5r/Ann Takamaki/00095_streaming_dec.wav,2.3811666666666667
./voice-clips/persona5/ann/english/p5r/Ann Takamaki/00968_streaming_dec.wav,2.37825
./voice-clips/persona5/ann/japanese/p5r/Panther/bp04 [243].wav,2.3767916666666666
./voice-clips/persona5/ann/english/p5r/Ann Takamaki/08817_streaming_dec.wav,2.37075
./voice-clips/persona5/ann/japanese/p5r/Panther/bp04 [10].wav,2.3632916666666666
./voice-clips/persona5/ann/english/p5r/Ann Takamaki/01013_streaming_dec.wav,2.3573333333333335
./voice-clips/persona5/ann/english/p5r/Ann Takamaki/00082_streaming_dec.wav,2.3566666666666665
./voice-clips/persona5/ann/japanese/p5r/Panther/bp04 [7].wav,2.345666666666667
./voice-clips/persona5/ann/english/p5r/Ann Takamaki/01072_streaming_dec.wav,2.3390416666666667
./voice-clips/persona5/ann/english/p5r/Ann Takamaki/01070_streaming_dec.wav,2.3108333333333335
./voice-clips/persona5/ann/japanese/p5r/Panther/bp04 [246].wav,2.3093333333333335
./voice-clips/persona5/ann/english/p5r/Panther/bp04 [7].wav,2.3029166666666665
./voice-clips/persona5/ann/japanese/p5r/Panther/bp04 [139].wav,2.2997916666666667
./voice-clips/persona5/ann/english/p5r/Ann Takamaki/01181_streaming_dec.wav,2.299625
./voice-clips/persona5/ann/english/p5r/Ann Takamaki/01268_streaming_dec.wav,2.2994583333333334
./voice-clips/persona5/ann/japanese/p5r/Panther/bp04 [151].wav,2.271708333333333
./voice-clips/persona5/ann/english/p5r/Panther/bp04 [57].wav,2.2514166666666666
./voice-clips/persona5/ann/japanese/p5r/Panther/bp04 [58].wav,2.2481666666666666
./voice-clips/persona5/ann/japanese/p5r/Panther/bp04 [147].wav,2.2449583333333334
./voice-clips/persona5/ann/japanese/p5r/Panther/bp04 [6].wav,2.238
./voice-clips/persona5/ann/english/p5r/Panther/bp04 [61].wav,2.228291666666667
./voice-clips/persona5/ann/english/p5r/Ann Takamaki/01221_streaming_dec.wav,2.2194583333333333
./voice-clips/persona5/ann/english/p5r/Ann Takamaki/01005_streaming_dec.wav,2.2175416666666665
./voice-clips/persona5/ann/japanese/p5r/Panther/bp04 [57].wav,2.216875
./voice-clips/persona5/ann/japanese/p5r/Panther/bp04 [135].wav,2.2054583333333335
./voice-clips/persona5/ann/english/p5r/Ann Takamaki/08863_streaming_dec.wav,2.198916666666667
./voice-clips/persona5/ann/english/p5r/Ann Takamaki/01016_streaming_dec.wav,2.1932916666666666
./voice-clips/persona5/ann/japanese/p5r/Panther/bp04 [19].wav,2.1874166666666666
./voice-clips/persona5/ann/japanese/p5r/Panther/bp04 [227].wav,2.1851666666666665
./voice-clips/persona5/ann/english/p5r/Ann Takamaki/00090_streaming_dec.wav,2.1826666666666665
./voice-clips/persona5/ann/english/p5r/Ann Takamaki/01068_streaming_dec.wav,2.1810833333333335
./voice-clips/persona5/ann/japanese/p5r/Panther/bp04 [125].wav,2.1729583333333333
./voice-clips/persona5/ann/japanese/p5r/Panther/bp04 [56].wav,2.1466666666666665
./voice-clips/persona5/ann/english/p5r/Panther/bp04 [68].wav,2.1446666666666667
./voice-clips/persona5/ann/english/p5r/Ann Takamaki/01041_streaming_dec.wav,2.144083333333333
./voice-clips/persona5/ann/japanese/p5r/Panther/bp04 [245].wav,2.1425833333333335
./voice-clips/persona5/ann/japanese/p5r/Panther/bp04 [200].wav,2.1421666666666668
./voice-clips/persona5/ann/english/p5r/Panther/bp04 [55].wav,2.1320833333333336
./voice-clips/persona5/ann/english/p5r/Ann Takamaki/00974_streaming_dec.wav,2.123875
./voice-clips/persona5/ann/english/p5r/Ann Takamaki/08869_streaming_dec.wav,2.1198333333333332
./voice-clips/persona5/ann/english/p5r/Ann Takamaki/00092_streaming_dec.wav,2.1165416666666665
./voice-clips/persona5/ann/english/p5r/Ann Takamaki/00994_streaming_dec.wav,2.1162083333333332
./voice-clips/persona5/ann/japanese/p5r/Panther/bp04 [20].wav,2.116
./voice-clips/persona5/ann/japanese/p5r/Panther/bp04 [61].wav,2.11225
./voice-clips/persona5/ann/english/p5r/Ann Takamaki/01010_streaming_dec.wav,2.109375
./voice-clips/persona5/ann/japanese/p5r/Panther/bp04 [239].wav,2.106333333333333
./voice-clips/persona5/ann/english/p5r/Ann Takamaki/01254_streaming_dec.wav,2.1004583333333335
./voice-clips/persona5/ann/english/p5r/Panther/bp04 [58].wav,2.0970416666666667
./voice-clips/persona5/ann/english/p5r/Ann Takamaki/01246_streaming_dec.wav,2.096041666666667
./voice-clips/persona5/ann/english/p5r/Ann Takamaki/01090_streaming_dec.wav,2.09475
./voice-clips/persona5/ann/english/p5r/Ann Takamaki/01189_streaming_dec.wav,2.0887083333333334
./voice-clips/persona5/ann/english/p5r/Ann Takamaki/01075_streaming_dec.wav,2.0879583333333334
./voice-clips/persona5/ann/english/p5r/Ann Takamaki/01153_streaming_dec.wav,2.0791666666666666
./voice-clips/persona5/ann/english/p5r/Ann Takamaki/01085_streaming_dec.wav,2.0727083333333334
./voice-clips/persona5/ann/english/p5r/Ann Takamaki/08854_streaming_dec.wav,2.0724583333333335
./voice-clips/persona5/ann/english/p5r/Ann Takamaki/01045_streaming_dec.wav,2.0677916666666665
./voice-clips/persona5/ann/japanese/p5r/Panther/bp04 [134].wav,2.0560416666666668
./voice-clips/persona5/ann/english/p5r/Ann Takamaki/00992_streaming_dec.wav,2.0551666666666666
./voice-clips/persona5/ann/english/p5r/Ann Takamaki/00965_streaming_dec.wav,2.0505
./voice-clips/persona5/ann/english/p5r/00338_streaming_dec.wav,2.0493333333333332
./voice-clips/persona5/ann/english/p5r/Panther/bp04 [246].wav,2.0486666666666666
./voice-clips/persona5/ann/english/p5r/Ann Takamaki/01061_streaming_dec.wav,2.04375
./voice-clips/persona5/ann/english/p5r/Ann Takamaki/01217_streaming_dec.wav,2.040583333333333
./voice-clips/persona5/ann/japanese/p5r/Panther/bp04 [186].wav,2.038666666666667
./voice-clips/persona5/ann/english/p5r/Ann Takamaki/01244_streaming_dec.wav,2.034
./voice-clips/persona5/ann/japanese/p5r/Panther/bp04 [49].wav,2.0244583333333335
./voice-clips/persona5/ann/english/p5r/Ann Takamaki/00960_streaming_dec.wav,2.0222083333333334
./voice-clips/persona5/ann/english/p5r/Ann Takamaki/01073_streaming_dec.wav,2.021916666666667
./voice-clips/persona5/ann/english/p5r/Ann Takamaki/01078_streaming_dec.wav,2.0027083333333335
./voice-clips/persona5/ann/english/p5r/Panther/bp04 [245].wav,1.998625
./voice-clips/persona5/ann/english/p5r/00261_streaming_dec.wav,1.9967916666666667
./voice-clips/persona5/ann/english/p5r/Ann Takamaki/01071_streaming_dec.wav,1.9945416666666667
./voice-clips/persona5/ann/english/p5r/Panther/bp04 [200].wav,1.9700833333333334
./voice-clips/persona5/ann/japanese/p5r/Panther/bp04 [150].wav,1.9505
./voice-clips/persona5/ann/japanese/p5r/Panther/bp04 [242].wav,1.9438333333333333
./voice-clips/persona5/ann/english/p5r/Ann Takamaki/01220_streaming_dec.wav,1.938125
./voice-clips/persona5/ann/english/p5r/Panther/bp04 [135].wav,1.9366666666666668
./voice-clips/persona5/ann/english/p5r/00349_streaming_dec.wav,1.935875
./voice-clips/persona5/ann/english/p5r/Panther/bp04 [149].wav,1.93425
./voice-clips/persona5/ann/japanese/p5r/Panther/bp04 [211].wav,1.9283333333333332
./voice-clips/persona5/ann/english/p5r/Ann Takamaki/01007_streaming_dec.wav,1.9215416666666667
./voice-clips/persona5/ann/english/p5r/Ann Takamaki/01053_streaming_dec.wav,1.91325
./voice-clips/persona5/ann/japanese/p5r/Panther/bp04 [41].wav,1.9042083333333333
./voice-clips/persona5/ann/english/p5r/Panther/bp04 [139].wav,1.900875
./voice-clips/persona5/ann/english/p5r/Ann Takamaki/01038_streaming_dec.wav,1.90075
./voice-clips/persona5/ann/japanese/p5r/Panther/bp04 [120].wav,1.888
./voice-clips/persona5/ann/english/p5r/Panther/bp04 [120].wav,1.8860416666666666
./voice-clips/persona5/ann/english/p5r/Ann Takamaki/08819_streaming_dec.wav,1.8855
./voice-clips/persona5/ann/english/p5r/Ann Takamaki/08871_streaming_dec.wav,1.8838333333333332
./voice-clips/persona5/ann/english/p5r/Ann Takamaki/08812_streaming_dec.wav,1.878875
./voice-clips/persona5/ann/japanese/p5r/Panther/bp04 [18].wav,1.8639583333333334
./voice-clips/persona5/ann/english/p5r/Ann Takamaki/08858_streaming_dec.wav,1.86225
./voice-clips/persona5/ann/english/p5r/Ann Takamaki/01134_streaming_dec.wav,1.859625
./voice-clips/persona5/ann/japanese/p5r/Panther/bp04 [51].wav,1.8571666666666666
./voice-clips/persona5/ann/japanese/p5r/Panther/bp04 [136].wav,1.8523333333333334
./voice-clips/persona5/ann/english/p5r/Ann Takamaki/01091_streaming_dec.wav,1.8489166666666668
./voice-clips/persona5/ann/english/p5r/Ann Takamaki/08862_streaming_dec.wav,1.8470833333333334
./voice-clips/persona5/ann/japanese/p5r/Panther/bp04 [29].wav,1.847
./voice-clips/persona5/ann/english/p5r/Ann Takamaki/00962_streaming_dec.wav,1.8463333333333334
./voice-clips/persona5/ann/japanese/p5r/Panther/bp04 [9].wav,1.8449166666666668
./voice-clips/persona5/ann/english/p5r/Panther/bp04 [41].wav,1.8430833333333334
./voice-clips/persona5/ann/japanese/p5r/Panther/bp04 [236].wav,1.83975
./voice-clips/persona5/ann/english/p5r/Ann Takamaki/01057_streaming_dec.wav,1.8385833333333332
./voice-clips/persona5/ann/english/p5r/Ann Takamaki/01109_streaming_dec.wav,1.8375833333333333
./voice-clips/persona5/ann/english/p5r/Panther/bp04 [147].wav,1.8265833333333332
./voice-clips/persona5/ann/english/p5r/Ann Takamaki/08860_streaming_dec.wav,1.8187083333333334
./voice-clips/persona5/ann/english/p5r/Panther/bp04 [150].wav,1.816
./voice-clips/persona5/ann/english/p5r/Ann Takamaki/01043_streaming_dec.wav,1.8146666666666667
./voice-clips/persona5/ann/japanese/p5r/Panther/bp04 [60].wav,1.8137916666666667
./voice-clips/persona5/ann/english/p5r/Panther/bp04 [243].wav,1.808
./voice-clips/persona5/ann/japanese/p5r/Panther/bp04 [92].wav,1.8056666666666668
./voice-clips/persona5/ann/english/p5r/Panther/bp04 [40].wav,1.803625
./voice-clips/persona5/ann/english/p5r/Panther/bp04 [236].wav,1.8015
./voice-clips/persona5/ann/english/p5r/Ann Takamaki/01018_streaming_dec.wav,1.7999583333333333
./voice-clips/persona5/ann/japanese/p5r/Panther/bp04 [140].wav,1.7982916666666666
./voice-clips/persona5/ann/english/p5r/Ann Takamaki/01060_streaming_dec.wav,1.7971666666666666
./voice-clips/persona5/ann/english/p5r/Ann Takamaki/01147_streaming_dec.wav,1.796
./voice-clips/persona5/ann/japanese/p5r/Panther/bp04 [235].wav,1.7894166666666667
./voice-clips/persona5/ann/english/p5r/Panther/bp04 [145].wav,1.7868333333333333
./voice-clips/persona5/ann/japanese/p5r/Panther/bp04 [21].wav,1.7806666666666666
./voice-clips/persona5/ann/japanese/p5r/Panther/bp04 [201].wav,1.780625
./voice-clips/persona5/ann/english/p5r/Ann Takamaki/00972_streaming_dec.wav,1.7792916666666667
./voice-clips/persona5/ann/japanese/p5r/Panther/bp04 [145].wav,1.7779166666666666
./voice-clips/persona5/ann/english/p5r/Ann Takamaki/01062_streaming_dec.wav,1.777125
./voice-clips/persona5/ann/english/p5r/Ann Takamaki/01039_streaming_dec.wav,1.775375
./voice-clips/persona5/ann/japanese/p5r/Panther/bp04 [148].wav,1.7742916666666666
./voice-clips/persona5/ann/english/p5r/Panther/bp04 [249].wav,1.773
./voice-clips/persona5/ann/english/p5r/Ann Takamaki/01155_streaming_dec.wav,1.7727083333333333
./voice-clips/persona5/ann/japanese/p5r/Panther/bp04 [126].wav,1.7723333333333333
./voice-clips/persona5/ann/japanese/p5r/Panther/bp04 [143].wav,1.7702083333333334
./voice-clips/persona5/ann/english/p5r/Panther/bp04 [134].wav,1.766625
./voice-clips/persona5/ann/english/p5r/Ann Takamaki/01190_streaming_dec.wav,1.7652083333333333
./voice-clips/persona5/ann/japanese/p5r/Panther/bp04 [64].wav,1.763875
./voice-clips/persona5/ann/japanese/p5r/Panther/bp04 [170].wav,1.7620416666666667
./voice-clips/persona5/ann/japanese/p5r/Panther/bp04 [35].wav,1.7620416666666667
./voice-clips/persona5/ann/english/p5r/Panther/bp04 [136].wav,1.7597083333333334
./voice-clips/persona5/ann/english/p5r/Panther/bp04 [51].wav,1.7558333333333334
./voice-clips/persona5/ann/english/p5r/Panther/bp04 [49].wav,1.750625
./voice-clips/persona5/ann/english/p5r/Ann Takamaki/01241_streaming_dec.wav,1.749375
./voice-clips/persona5/ann/english/p5r/Ann Takamaki/08861_streaming_dec.wav,1.7491666666666668
./voice-clips/persona5/ann/japanese/p5r/Panther/bp04 [193].wav,1.74825
./voice-clips/persona5/ann/english/p5r/Ann Takamaki/01020_streaming_dec.wav,1.7479166666666666
./voice-clips/persona5/ann/english/p5r/Ann Takamaki/00961_streaming_dec.wav,1.7453333333333334
./voice-clips/persona5/ann/japanese/p5r/Panther/bp04 [15].wav,1.743
./voice-clips/persona5/ann/english/p5r/Ann Takamaki/01191_streaming_dec.wav,1.740375
./voice-clips/persona5/ann/english/p5r/Ann Takamaki/01102_streaming_dec.wav,1.7318333333333333
./voice-clips/persona5/ann/japanese/p5r/Panther/bp04 [241].wav,1.731
./voice-clips/persona5/ann/japanese/p5r/Panther/bp04 [11].wav,1.7266666666666666
./voice-clips/persona5/ann/japanese/p5r/Panther/bp04 [122].wav,1.725375
./voice-clips/persona5/ann/english/p5r/Panther/bp04 [38].wav,1.7219583333333333
./voice-clips/persona5/ann/english/p5r/Panther/bp04 [56].wav,1.72025
./voice-clips/persona5/ann/english/p5r/Ann Takamaki/01274_streaming_dec.wav,1.72025
./voice-clips/persona5/ann/english/p5r/Ann Takamaki/08839_streaming_dec.wav,1.718625
./voice-clips/persona5/ann/english/p5r/Ann Takamaki/01138_streaming_dec.wav,1.7175833333333332
./voice-clips/persona5/ann/english/p5r/Ann Takamaki/01140_streaming_dec.wav,1.7137083333333334
./voice-clips/persona5/ann/english/p5r/Ann Takamaki/00967_streaming_dec.wav,1.7134583333333333
./voice-clips/persona5/ann/english/p5r/Panther/bp04 [186].wav,1.7125833333333333
./voice-clips/persona5/ann/english/p5r/Ann Takamaki/01222_streaming_dec.wav,1.7095833333333332
./voice-clips/persona5/ann/english/p5r/Panther/bp04 [43].wav,1.707125
./voice-clips/persona5/ann/japanese/p5r/Panther/bp04 [17].wav,1.7003333333333333
./voice-clips/persona5/ann/english/p5r/Ann Takamaki/01077_streaming_dec.wav,1.6984583333333334
./voice-clips/persona5/ann/english/p5r/Ann Takamaki/01056_streaming_dec.wav,1.6958333333333333
./voice-clips/persona5/ann/japanese/p5r/Panther/bp04 [237].wav,1.6945416666666666
./voice-clips/persona5/ann/english/p5r/Ann Takamaki/08830_streaming_dec.wav,1.6909166666666666
./voice-clips/persona5/ann/english/p5r/Ann Takamaki/01203_streaming_dec.wav,1.6908333333333334
./voice-clips/persona5/ann/english/p5r/Ann Takamaki/01000_streaming_dec.wav,1.6844583333333334
./voice-clips/persona5/ann/english/p5r/Ann Takamaki/01135_streaming_dec.wav,1.683375
./voice-clips/persona5/ann/japanese/p5r/Panther/bp04 [244].wav,1.68275
./voice-clips/persona5/ann/english/p5r/Ann Takamaki/00966_streaming_dec.wav,1.6812083333333334
./voice-clips/persona5/ann/english/p5r/Ann Takamaki/00973_streaming_dec.wav,1.6785833333333333
./voice-clips/persona5/ann/japanese/p5r/Panther/bp04 [38].wav,1.6782083333333333
./voice-clips/persona5/ann/japanese/p5r/Panther/bp04 [43].wav,1.676875
./voice-clips/persona5/ann/english/p5r/Ann Takamaki/01167_streaming_dec.wav,1.6757916666666666
./voice-clips/persona5/ann/english/p5r/Panther/bp04 [170].wav,1.6748333333333334
./voice-clips/persona5/ann/english/p5r/Ann Takamaki/01094_streaming_dec.wav,1.6691666666666667
./voice-clips/persona5/ann/english/p5r/Ann Takamaki/01133_streaming_dec.wav,1.6679166666666667
./voice-clips/persona5/ann/english/p5r/Ann Takamaki/00999_streaming_dec.wav,1.667375
./voice-clips/persona5/ann/japanese/p5r/Panther/bp04 [198].wav,1.6669166666666666
./voice-clips/persona5/ann/japanese/p5r/Panther/bp04 [218].wav,1.6592083333333334
./voice-clips/persona5/ann/english/p5r/Ann Takamaki/01017_streaming_dec.wav,1.659125
./voice-clips/persona5/ann/japanese/p5r/Panther/bp04 [121].wav,1.6582916666666667
./voice-clips/persona5/ann/english/p5r/Panther/bp04 [14].wav,1.65825
./voice-clips/persona5/ann/japanese/p5r/Panther/bp04 [44].wav,1.6574583333333333
./voice-clips/persona5/ann/japanese/p5r/Panther/bp04 [70].wav,1.6574166666666668
./voice-clips/persona5/ann/english/p5r/Ann Takamaki/08820_streaming_dec.wav,1.6570833333333332
./voice-clips/persona5/ann/japanese/p5r/Panther/bp04 [142].wav,1.65375
./voice-clips/persona5/ann/english/p5r/Ann Takamaki/01182_streaming_dec.wav,1.6529583333333333
./voice-clips/persona5/ann/english/p5r/Panther/bp04 [10].wav,1.65275
./voice-clips/persona5/ann/japanese/p5r/Panther/bp04 [182].wav,1.6520416666666666
./voice-clips/persona5/ann/english/p5r/Ann Takamaki/01036_streaming_dec.wav,1.6505833333333333
./voice-clips/persona5/ann/japanese/p5r/Panther/bp04 [30].wav,1.6498333333333333
./voice-clips/persona5/ann/english/p5r/Ann Takamaki/01111_streaming_dec.wav,1.6493333333333333
./voice-clips/persona5/ann/japanese/p5r/Panther/bp04 [184].wav,1.6465416666666666
./voice-clips/persona5/ann/english/p5r/Ann Takamaki/08853_streaming_dec.wav,1.6460416666666666
./voice-clips/persona5/ann/japanese/p5r/Panther/bp04 [192].wav,1.645375
./voice-clips/persona5/ann/japanese/p5r/Panther/bp04 [261].wav,1.6447083333333334
./voice-clips/persona5/ann/japanese/p5r/Panther/bp04 [94].wav,1.6447083333333334
./voice-clips/persona5/ann/japanese/p5r/Panther/bp04 [137].wav,1.6429166666666666
./voice-clips/persona5/ann/japanese/p5r/Panther/bp04 [249].wav,1.641125
./voice-clips/persona5/ann/english/p5r/Ann Takamaki/01088_streaming_dec.wav,1.636
./voice-clips/persona5/ann/japanese/p5r/Panther/bp04 [180].wav,1.63475
./voice-clips/persona5/ann/english/p5r/Panther/bp04 [121].wav,1.6345833333333333
./voice-clips/persona5/ann/english/p5r/Ann Takamaki/01089_streaming_dec.wav,1.633375
./voice-clips/persona5/ann/japanese/p5r/Panther/bp04 [65].wav,1.63125
./voice-clips/persona5/ann/english/p5r/Panther/bp04 [218].wav,1.6304583333333333
./voice-clips/persona5/ann/english/p5r/Ann Takamaki/01199_streaming_dec.wav,1.6236666666666666
./voice-clips/persona5/ann/english/p5r/Ann Takamaki/00087_streaming_dec.wav,1.62075
./voice-clips/persona5/ann/english/p5r/Panther/bp04 [244].wav,1.620625
./voice-clips/persona5/ann/english/p5r/Ann Takamaki/01175_streaming_dec.wav,1.6179583333333334
./voice-clips/persona5/ann/english/p5r/Ann Takamaki/01240_streaming_dec.wav,1.6179166666666667
./voice-clips/persona5/ann/english/p5r/Ann Takamaki/01197_streaming_dec.wav,1.6174583333333334
./voice-clips/persona5/ann/english/p5r/Ann Takamaki/01249_streaming_dec.wav,1.612
./voice-clips/persona5/ann/english/p5r/Ann Takamaki/01008_streaming_dec.wav,1.6087083333333334
./voice-clips/persona5/ann/japanese/p5r/Panther/bp04 [168].wav,1.608
./voice-clips/persona5/ann/japanese/p5r/Panther/bp04 [33].wav,1.608
./voice-clips/persona5/ann/english/p5r/Ann Takamaki/00984_streaming_dec.wav,1.6075416666666666
./voice-clips/persona5/ann/english/p5r/Ann Takamaki/00981_streaming_dec.wav,1.6043333333333334
./voice-clips/persona5/ann/japanese/p5r/Panther/bp04 [5].wav,1.6026666666666667
./voice-clips/persona5/ann/japanese/p5r/Panther/bp04 [219].wav,1.6025833333333332
./voice-clips/persona5/ann/english/p5r/Ann Takamaki/01047_streaming_dec.wav,1.601375
./voice-clips/persona5/ann/english/p5r/Ann Takamaki/01052_streaming_dec.wav,1.6007916666666666
./voice-clips/persona5/ann/english/p5r/Panther/bp04 [138].wav,1.59925
./voice-clips/persona5/ann/japanese/p5r/Panther/bp04 [138].wav,1.5975833333333334
./voice-clips/persona5/ann/japanese/p5r/Panther/bp04 [130].wav,1.5953333333333333
./voice-clips/persona5/ann/english/p5r/Ann Takamaki/01063_streaming_dec.wav,1.5912916666666668
./voice-clips/persona5/ann/english/p5r/Panther/bp04 [65].wav,1.591
./voice-clips/persona5/ann/english/p5r/Panther/bp04 [73].wav,1.591
./voice-clips/persona5/ann/english/p5r/Ann Takamaki/01166_streaming_dec.wav,1.5876666666666666
./voice-clips/persona5/ann/english/p5r/Ann Takamaki/01206_streaming_dec.wav,1.5845833333333332
./voice-clips/persona5/ann/english/p5r/Panther/bp04 [21].wav,1.5809166666666667
./voice-clips/persona5/ann/english/p5r/Panther/bp04 [140].wav,1.5800833333333333
./voice-clips/persona5/ann/japanese/p5r/Panther/bp04 [191].wav,1.5790416666666667
./voice-clips/persona5/ann/english/p5r/Ann Takamaki/08829_streaming_dec.wav,1.5759166666666666
./voice-clips/persona5/ann/english/p5r/Panther/bp04 [4].wav,1.575625
./voice-clips/persona5/ann/japanese/p5r/Panther/bp04 [206].wav,1.5726666666666667
./voice-clips/persona5/ann/english/p5r/Ann Takamaki/01224_streaming_dec.wav,1.5725
./voice-clips/persona5/ann/english/p5r/Ann Takamaki/01037_streaming_dec.wav,1.572
./voice-clips/persona5/ann/japanese/p5r/Panther/bp04 [39].wav,1.5717916666666667
./voice-clips/persona5/ann/japanese/p5r/Panther/bp04 [133].wav,1.5640833333333333
./voice-clips/persona5/ann/english/p5r/Ann Takamaki/01171_streaming_dec.wav,1.5634166666666667
./voice-clips/persona5/ann/english/p5r/Ann Takamaki/01044_streaming_dec.wav,1.5624583333333333
./voice-clips/persona5/ann/english/p5r/Panther/bp04 [238].wav,1.559125
./voice-clips/persona5/ann/english/p5r/Ann Takamaki/01267_streaming_dec.wav,1.5572083333333333
./voice-clips/persona5/ann/japanese/p5r/Panther/bp04 [208].wav,1.5540833333333333
./voice-clips/persona5/ann/japanese/p5r/Panther/bp04 [16].wav,1.5536666666666668
./voice-clips/persona5/ann/english/p5r/Panther/bp04 [201].wav,1.5523333333333333
./voice-clips/persona5/ann/english/p5r/Panther/bp04 [20].wav,1.5481666666666667
./voice-clips/persona5/ann/english/p5r/Panther/bp04 [206].wav,1.546
./voice-clips/persona5/ann/english/p5r/Panther/bp04 [227].wav,1.545375
./voice-clips/persona5/ann/english/p5r/Ann Takamaki/01198_streaming_dec.wav,1.5432083333333333
./voice-clips/persona5/ann/japanese/p5r/Panther/bp04 [50].wav,1.543125
./voice-clips/persona5/ann/english/p5r/Panther/bp04 [181].wav,1.5429583333333334
./voice-clips/persona5/ann/english/p5r/Ann Takamaki/01239_streaming_dec.wav,1.5410833333333334
./voice-clips/persona5/ann/english/p5r/Panther/bp04 [67].wav,1.5407916666666666
./voice-clips/persona5/ann/english/p5r/Panther/bp04 [137].wav,1.5407083333333333
./voice-clips/persona5/ann/english/p5r/Panther/bp04 [143].wav,1.540375
./voice-clips/persona5/ann/japanese/p5r/Panther/bp04 [232].wav,1.5400833333333332
./voice-clips/persona5/ann/english/p5r/Panther/bp04 [15].wav,1.5400416666666668
./voice-clips/persona5/ann/english/p5r/Ann Takamaki/01087_streaming_dec.wav,1.5383333333333333
./voice-clips/persona5/ann/japanese/p5r/Panther/bp04 [67].wav,1.5370416666666666
./voice-clips/persona5/ann/english/p5r/Panther/bp04 [30].wav,1.531
./voice-clips/persona5/ann/japanese/p5r/Panther/bp04 [258].wav,1.531
./voice-clips/persona5/ann/english/p5r/Ann Takamaki/01159_streaming_dec.wav,1.530375
./voice-clips/persona5/ann/english/p5r/Ann Takamaki/01230_streaming_dec.wav,1.5279166666666666
./voice-clips/persona5/ann/japanese/p5r/Panther/bp04 [54].wav,1.5269166666666667
./voice-clips/persona5/ann/japanese/p5r/Panther/bp04 [223].wav,1.5255416666666666
./voice-clips/persona5/ann/english/p5r/Panther/bp04 [39].wav,1.522875
./voice-clips/persona5/ann/english/p5r/Panther/bp04 [19].wav,1.5211666666666666
./voice-clips/persona5/ann/english/p5r/Ann Takamaki/01151_streaming_dec.wav,1.518875
./voice-clips/persona5/ann/japanese/p5r/Panther/bp04 [177].wav,1.517875
./voice-clips/persona5/ann/japanese/p5r/Panther/bp04 [179].wav,1.5165
./voice-clips/persona5/ann/japanese/p5r/Panther/bp04 [203].wav,1.5160416666666667
./voice-clips/persona5/ann/japanese/p5r/Panther/bp04 [47].wav,1.5155833333333333
./voice-clips/persona5/ann/english/p5r/Ann Takamaki/00983_streaming_dec.wav,1.5125
./voice-clips/persona5/ann/japanese/p5r/Panther/bp04 [215].wav,1.5119583333333333
./voice-clips/persona5/ann/english/p5r/Panther/bp04 [148].wav,1.5049583333333334
./voice-clips/persona5/ann/japanese/p5r/Panther/bp04 [190].wav,1.5010833333333333
./voice-clips/persona5/ann/english/p5r/Panther/bp04 [242].wav,1.5004583333333332
./voice-clips/persona5/ann/english/p5r/Panther/bp04 [237].wav,1.4959583333333333
./voice-clips/persona5/ann/english/p5r/Ann Takamaki/08855_streaming_dec.wav,1.4944166666666667
./voice-clips/persona5/ann/japanese/p5r/Panther/bp04 [128].wav,1.493875
./voice-clips/persona5/ann/english/p5r/Panther/bp04 [261].wav,1.49325
./voice-clips/persona5/ann/japanese/p5r/Panther/bp04 [176].wav,1.4897916666666666
./voice-clips/persona5/ann/english/p5r/Ann Takamaki/01188_streaming_dec.wav,1.48925
./voice-clips/persona5/ann/english/p5r/Ann Takamaki/01165_streaming_dec.wav,1.4875416666666668
./voice-clips/persona5/ann/japanese/p5r/Panther/bp04 [132].wav,1.486625
./voice-clips/persona5/ann/japanese/p5r/Panther/bp04 [45].wav,1.4838333333333333
./voice-clips/persona5/ann/english/p5r/Ann Takamaki/01200_streaming_dec.wav,1.4835833333333333
./voice-clips/persona5/ann/english/p5r/Ann Takamaki/01099_streaming_dec.wav,1.481125
./voice-clips/persona5/ann/english/p5r/Panther/bp04 [66].wav,1.4793333333333334
./voice-clips/persona5/ann/english/p5r/Panther/bp04 [71].wav,1.4793333333333334
./voice-clips/persona5/ann/english/p5r/Ann Takamaki/08857_streaming_dec.wav,1.4787083333333333
./voice-clips/persona5/ann/english/p5r/Ann Takamaki/01058_streaming_dec.wav,1.4757083333333334
./voice-clips/persona5/ann/english/p5r/Panther/bp04 [177].wav,1.4754166666666666
./voice-clips/persona5/ann/japanese/p5r/Panther/bp04 [185].wav,1.4752916666666667
./voice-clips/persona5/ann/japanese/p5r/Panther/bp04 [214].wav,1.472125
./voice-clips/persona5/ann/japanese/p5r/Panther/bp04 [4].wav,1.4716666666666667
./voice-clips/persona5/ann/japanese/p5r/Panther/bp04 [89].wav,1.47075
./voice-clips/persona5/ann/japanese/p5r/Panther/bp04 [3].wav,1.4703333333333333
./voice-clips/persona5/ann/japanese/p5r/Panther/bp04 [226].wav,1.4698333333333333
./voice-clips/persona5/ann/japanese/p5r/Panther/bp04 [8].wav,1.4683333333333333
./voice-clips/persona5/ann/japanese/p5r/Panther/bp04 [195].wav,1.4666666666666666
./voice-clips/persona5/ann/japanese/p5r/Panther/bp04 [217].wav,1.4657916666666666
./voice-clips/persona5/ann/english/p5r/Ann Takamaki/08870_streaming_dec.wav,1.4638333333333333
./voice-clips/persona5/ann/english/p5r/Ann Takamaki/08865_streaming_dec.wav,1.4624166666666667
./voice-clips/persona5/ann/english/p5r/Panther/bp04 [199].wav,1.4615833333333332
./voice-clips/persona5/ann/japanese/p5r/Panther/bp04 [160].wav,1.459875
./voice-clips/persona5/ann/japanese/p5r/Panther/bp04 [37].wav,1.4535416666666667
./voice-clips/persona5/ann/english/p5r/Ann Takamaki/01100_streaming_dec.wav,1.4531666666666667
./voice-clips/persona5/ann/english/p5r/Panther/bp04 [125].wav,1.4498333333333333
./voice-clips/persona5/ann/japanese/p5r/Panther/bp04 [164].wav,1.443125
./voice-clips/persona5/ann/japanese/p5r/Panther/bp04 [224].wav,1.443125
./voice-clips/persona5/ann/english/p5r/Ann Takamaki/08825_streaming_dec.wav,1.435875
./voice-clips/persona5/ann/japanese/p5r/Panther/bp04 [46].wav,1.435875
./voice-clips/persona5/ann/english/p5r/Ann Takamaki/01176_streaming_dec.wav,1.435
./voice-clips/persona5/ann/english/p5r/Ann Takamaki/01105_streaming_dec.wav,1.4304583333333334
./voice-clips/persona5/ann/english/p5r/Ann Takamaki/01076_streaming_dec.wav,1.4292083333333334
./voice-clips/persona5/ann/japanese/p5r/Panther/bp04 [252].wav,1.42225
./voice-clips/persona5/ann/english/p5r/Ann Takamaki/00954_streaming_dec.wav,1.4219583333333334
./voice-clips/persona5/ann/english/p5r/Panther/bp04 [47].wav,1.42175
./voice-clips/persona5/ann/english/p5r/Panther/bp04 [54].wav,1.411875
./voice-clips/persona5/ann/english/p5r/Ann Takamaki/01093_streaming_dec.wav,1.4090416666666667
./voice-clips/persona5/ann/english/p5r/Panther/bp04 [151].wav,1.4042916666666667
./voice-clips/persona5/ann/japanese/p5r/Panther/bp04 [183].wav,1.4027916666666667
./voice-clips/persona5/ann/english/p5r/Panther/bp04 [6].wav,1.4020833333333333
./voice-clips/persona5/ann/english/p5r/Ann Takamaki/08856_streaming_dec.wav,1.397875
./voice-clips/persona5/ann/japanese/p5r/Panther/bp04 [250].wav,1.393875
./voice-clips/persona5/ann/japanese/p5r/Panther/bp04 [166].wav,1.392375
./voice-clips/persona5/ann/japanese/p5r/Panther/bp04 [197].wav,1.3919166666666667
./voice-clips/persona5/ann/japanese/p5r/Panther/bp04 [48].wav,1.3919166666666667
./voice-clips/persona5/ann/japanese/p5r/Panther/bp04 [256].wav,1.3905833333333333
./voice-clips/persona5/ann/japanese/p5r/Panther/bp04 [228].wav,1.3896666666666666
./voice-clips/persona5/ann/english/p5r/Panther/bp04 [60].wav,1.3889166666666666
./voice-clips/persona5/ann/english/p5r/Panther/bp04 [241].wav,1.388625
./voice-clips/persona5/ann/japanese/p5r/Panther/bp04 [90].wav,1.3882916666666667
./voice-clips/persona5/ann/english/p5r/Panther/bp04 [5].wav,1.3877916666666668
./voice-clips/persona5/ann/english/p5r/Panther/bp04 [192].wav,1.3870833333333332
./voice-clips/persona5/ann/english/p5r/Panther/bp04 [46].wav,1.3868333333333334
./voice-clips/persona5/ann/japanese/p5r/Panther/bp04 [108].wav,1.3865
./voice-clips/persona5/ann/english/p5r/Panther/bp04 [235].wav,1.3826666666666667
./voice-clips/persona5/ann/english/p5r/Ann Takamaki/01266_streaming_dec.wav,1.3776666666666666
./voice-clips/persona5/ann/english/p5r/Panther/bp04 [166].wav,1.377625
./voice-clips/persona5/ann/english/p5r/Panther/bp04 [239].wav,1.3760416666666666
./voice-clips/persona5/ann/english/p5r/Ann Takamaki/00963_streaming_dec.wav,1.375125
./voice-clips/persona5/ann/english/p5r/Panther/bp04 [11].wav,1.3730833333333334
./voice-clips/persona5/ann/japanese/p5r/Panther/bp04 [111].wav,1.372875
./voice-clips/persona5/ann/japanese/p5r/Panther/bp04 [212].wav,1.368375
./voice-clips/persona5/ann/japanese/p5r/Panther/bp04 [13].wav,1.368
./voice-clips/persona5/ann/english/p5r/Ann Takamaki/01150_streaming_dec.wav,1.3672916666666666
./voice-clips/persona5/ann/english/p5r/Ann Takamaki/08876_streaming_dec.wav,1.3655
./voice-clips/persona5/ann/japanese/p5r/Panther/bp04 [263].wav,1.3642916666666667
./voice-clips/persona5/ann/japanese/p5r/Panther/bp04 [173].wav,1.3615833333333334
./voice-clips/persona5/ann/japanese/p5r/Panther/bp04 [31].wav,1.3554583333333334
./voice-clips/persona5/ann/english/p5r/Ann Takamaki/08873_streaming_dec.wav,1.3542083333333332
./voice-clips/persona5/ann/japanese/p5r/Panther/bp04 [278].wav,1.353
./voice-clips/persona5/ann/english/p5r/Ann Takamaki/01103_streaming_dec.wav,1.3523333333333334
./voice-clips/persona5/ann/japanese/p5r/Panther/bp04 [178].wav,1.3507083333333334
./voice-clips/persona5/ann/japanese/p5r/Panther/bp04 [220].wav,1.3447916666666666
./voice-clips/persona5/ann/english/p5r/Panther/bp04 [45].wav,1.3434166666666667
./voice-clips/persona5/ann/english/p5r/Panther/bp04 [203].wav,1.3429166666666668
./voice-clips/persona5/ann/english/p5r/Panther/bp04 [122].wav,1.3423333333333334
./voice-clips/persona5/ann/english/p5r/Ann Takamaki/01160_streaming_dec.wav,1.3400833333333333
./voice-clips/persona5/ann/english/p5r/Ann Takamaki/01232_streaming_dec.wav,1.3391666666666666
./voice-clips/persona5/ann/english/p5r/Ann Takamaki/01095_streaming_dec.wav,1.337
./voice-clips/persona5/ann/english/p5r/Panther/bp04 [182].wav,1.336625
./voice-clips/persona5/ann/english/p5r/Panther/bp04 [211].wav,1.3347083333333334
./voice-clips/persona5/ann/english/p5r/Panther/bp04 [223].wav,1.333875
./voice-clips/persona5/ann/english/p5r/Ann Takamaki/01042_streaming_dec.wav,1.32775
./voice-clips/persona5/ann/english/p5r/Panther/bp04 [8].wav,1.32525
./voice-clips/persona5/ann/japanese/p5r/Panther/bp04 [12].wav,1.325125
./voice-clips/persona5/ann/english/p5r/Ann Takamaki/01092_streaming_dec.wav,1.3237916666666667
./voice-clips/persona5/ann/english/p5r/Ann Takamaki/01048_streaming_dec.wav,1.3225416666666667
./voice-clips/persona5/ann/japanese/p5r/Panther/bp04 [119].wav,1.319875
./voice-clips/persona5/ann/japanese/p5r/Panther/bp04 [188].wav,1.3130833333333334
./voice-clips/persona5/ann/japanese/p5r/Panther/bp04 [157].wav,1.312625
./voice-clips/persona5/ann/english/p5r/Ann Takamaki/01212_streaming_dec.wav,1.3121666666666667
./voice-clips/persona5/ann/english/p5r/Ann Takamaki/01185_streaming_dec.wav,1.3112916666666667
./voice-clips/persona5/ann/english/p5r/Panther/bp04 [126].wav,1.3109166666666667
./voice-clips/persona5/ann/english/p5r/Ann Takamaki/01143_streaming_dec.wav,1.3092916666666667
./voice-clips/persona5/ann/english/p5r/Ann Takamaki/01116_streaming_dec.wav,1.308
./voice-clips/persona5/ann/english/p5r/Panther/bp04 [179].wav,1.307875
./voice-clips/persona5/ann/english/p5r/Panther/bp04 [142].wav,1.3072083333333333
./voice-clips/persona5/ann/japanese/p5r/Panther/bp04 [116].wav,1.3062916666666666
./voice-clips/persona5/ann/english/p5r/Ann Takamaki/08874_streaming_dec.wav,1.3032916666666667
./voice-clips/persona5/ann/japanese/p5r/Panther/bp04 [75].wav,1.3004166666666668
./voice-clips/persona5/ann/english/p5r/Ann Takamaki/01128_streaming_dec.wav,1.3002916666666666
./voice-clips/persona5/ann/english/p5r/Panther/bp04 [48].wav,1.2998333333333334
./voice-clips/persona5/ann/japanese/p5r/Panther/bp04 [42].wav,1.2990416666666667
./voice-clips/persona5/ann/english/p5r/Ann Takamaki/08875_streaming_dec.wav,1.295875
./voice-clips/persona5/ann/japanese/p5r/Panther/bp04 [248].wav,1.2957083333333332
./voice-clips/persona5/ann/japanese/p5r/Panther/bp04 [172].wav,1.2895416666666666
./voice-clips/persona5/ann/japanese/p5r/Panther/bp04 [103].wav,1.285
./voice-clips/persona5/ann/english/p5r/Panther/bp04 [12].wav,1.281125
./voice-clips/persona5/ann/english/p5r/Panther/bp04 [9].wav,1.2810416666666666
./voice-clips/persona5/ann/english/p5r/Panther/bp04 [197].wav,1.2809166666666667
./voice-clips/persona5/ann/english/p5r/Panther/bp04 [53].wav,1.2799166666666666
./voice-clips/persona5/ann/english/p5r/Ann Takamaki/01059_streaming_dec.wav,1.279625
./voice-clips/persona5/ann/japanese/p5r/Panther/bp04 [230].wav,1.2782083333333334
./voice-clips/persona5/ann/english/p5r/Ann Takamaki/01211_streaming_dec.wav,1.276875
./voice-clips/persona5/ann/japanese/p5r/Panther/bp04 [53].wav,1.276875
./voice-clips/persona5/ann/english/p5r/Panther/bp04 [178].wav,1.273875
./voice-clips/persona5/ann/japanese/p5r/Panther/bp04 [262].wav,1.2736666666666667
./voice-clips/persona5/ann/english/p5r/Panther/bp04 [173].wav,1.2726666666666666
./voice-clips/persona5/ann/english/p5r/Ann Takamaki/01154_streaming_dec.wav,1.2715833333333333
./voice-clips/persona5/ann/english/p5r/Panther/bp04 [42].wav,1.269375
./voice-clips/persona5/ann/english/p5r/Ann Takamaki/08850_streaming_dec.wav,1.2692083333333333
./voice-clips/persona5/ann/english/p5r/Ann Takamaki/00955_streaming_dec.wav,1.268
./voice-clips/persona5/ann/english/p5r/Panther/bp04 [35].wav,1.2666666666666666
./voice-clips/persona5/ann/english/p5r/Panther/bp04 [180].wav,1.2628333333333333
./voice-clips/persona5/ann/english/p5r/Ann Takamaki/01260_streaming_dec.wav,1.2573333333333334
./voice-clips/persona5/ann/english/p5r/Panther/bp04 [275].wav,1.25675
./voice-clips/persona5/ann/japanese/p5r/Panther/bp04 [221].wav,1.2542083333333334
./voice-clips/persona5/ann/japanese/p5r/Panther/bp04 [175].wav,1.252375
./voice-clips/persona5/ann/english/p5r/Panther/bp04 [193].wav,1.2516666666666667
./voice-clips/persona5/ann/english/p5r/Panther/bp04 [252].wav,1.2500833333333334
./voice-clips/persona5/ann/english/p5r/Panther/bp04 [195].wav,1.2495
./voice-clips/persona5/ann/english/p5r/Ann Takamaki/01086_streaming_dec.wav,1.24825
./voice-clips/persona5/ann/japanese/p5r/Panther/bp04 [78].wav,1.2433333333333334
./voice-clips/persona5/ann/japanese/p5r/Panther/bp04 [91].wav,1.2415416666666668
./voice-clips/persona5/ann/japanese/p5r/Panther/bp04 [194].wav,1.2415
./voice-clips/persona5/ann/japanese/p5r/Panther/bp04 [207].wav,1.2410833333333333
./voice-clips/persona5/ann/japanese/p5r/Panther/bp04 [209].wav,1.2410833333333333
./voice-clips/persona5/ann/english/p5r/Panther/bp04 [220].wav,1.240375
./voice-clips/persona5/ann/english/p5r/Ann Takamaki/08846_streaming_dec.wav,1.2392916666666667
./voice-clips/persona5/ann/japanese/p5r/Panther/bp04 [202].wav,1.23425
./voice-clips/persona5/ann/japanese/p5r/Panther/bp04 [165].wav,1.2338333333333333
./voice-clips/persona5/ann/english/p5r/Ann Takamaki/01273_streaming_dec.wav,1.230625
./voice-clips/persona5/ann/english/p5r/Ann Takamaki/01202_streaming_dec.wav,1.22925
./voice-clips/persona5/ann/english/p5r/Panther/bp04 [258].wav,1.2288333333333334
./voice-clips/persona5/ann/english/p5r/Ann Takamaki/01117_streaming_dec.wav,1.2272916666666667
./voice-clips/persona5/ann/japanese/p5r/Panther/bp04 [169].wav,1.226125
./voice-clips/persona5/ann/japanese/p5r/Panther/bp04 [34].wav,1.226125
./voice-clips/persona5/ann/english/p5r/Panther/bp04 [208].wav,1.2252916666666667
./voice-clips/persona5/ann/japanese/p5r/Panther/bp04 [141].wav,1.2197916666666666
./voice-clips/persona5/ann/english/p5r/Panther/bp04 [217].wav,1.2189583333333334
./voice-clips/persona5/ann/japanese/p5r/Panther/bp04 [196].wav,1.2188333333333334
./voice-clips/persona5/ann/english/p5r/Ann Takamaki/08841_streaming_dec.wav,1.2185833333333334
./voice-clips/persona5/ann/english/p5r/Panther/bp04 [75].wav,1.2182916666666668
./voice-clips/persona5/ann/japanese/p5r/Panther/bp04 [204].wav,1.2179583333333333
./voice-clips/persona5/ann/english/p5r/Panther/bp04 [184].wav,1.2164583333333334
./voice-clips/persona5/ann/english/p5r/Ann Takamaki/01205_streaming_dec.wav,1.2162083333333333
./voice-clips/persona5/ann/japanese/p5r/Panther/bp04 [77].wav,1.208
./voice-clips/persona5/ann/japanese/p5r/Panther/bp04 [76].wav,1.2070833333333333
./voice-clips/persona5/ann/english/p5r/Panther/bp04 [209].wav,1.200125
./voice-clips/persona5/ann/english/p5r/Panther/bp04 [175].wav,1.2000833333333334
./voice-clips/persona5/ann/japanese/p5r/Panther/bp04 [216].wav,1.1989166666666666
./voice-clips/persona5/ann/english/p5r/Ann Takamaki/01124_streaming_dec.wav,1.1982916666666668
./voice-clips/persona5/ann/english/p5r/Ann Takamaki/01129_streaming_dec.wav,1.1974166666666666
./voice-clips/persona5/ann/english/p5r/Panther/bp04 [185].wav,1.196125
./voice-clips/persona5/ann/english/p5r/Panther/bp04 [119].wav,1.195875
./voice-clips/persona5/ann/english/p5r/Ann Takamaki/08852_streaming_dec.wav,1.1892916666666666
./voice-clips/persona5/ann/japanese/p5r/Panther/bp04 [79].wav,1.1885
./voice-clips/persona5/ann/english/p5r/Panther/bp04 [171].wav,1.1853333333333333
./voice-clips/persona5/ann/japanese/p5r/Panther/bp04 [213].wav,1.1853333333333333
./voice-clips/persona5/ann/english/p5r/Panther/bp04 [50].wav,1.1848333333333334
./voice-clips/persona5/ann/english/p5r/Panther/bp04 [76].wav,1.184375
./voice-clips/persona5/ann/english/p5r/Panther/bp04 [172].wav,1.1832916666666666
./voice-clips/persona5/ann/english/p5r/Panther/bp04 [188].wav,1.182125
./voice-clips/persona5/ann/english/p5r/Panther/bp04 [132].wav,1.1815
./voice-clips/persona5/ann/japanese/p5r/Panther/bp04 [174].wav,1.18125
./voice-clips/persona5/ann/english/p5r/Panther/bp04 [226].wav,1.1798333333333333
./voice-clips/persona5/ann/english/p5r/Ann Takamaki/01248_streaming_dec.wav,1.1795
./voice-clips/persona5/ann/japanese/p5r/Panther/bp04 [104].wav,1.1780833333333334
./voice-clips/persona5/ann/english/p5r/Panther/bp04 [194].wav,1.1764583333333334
./voice-clips/persona5/ann/english/p5r/Panther/bp04 [29].wav,1.1715416666666667
./voice-clips/persona5/ann/japanese/p5r/Panther/bp04 [68].wav,1.1666666666666667
./voice-clips/persona5/ann/japanese/p5r/Panther/bp04 [205].wav,1.1645
./voice-clips/persona5/ann/english/p5r/Panther/bp04 [219].wav,1.16125
./voice-clips/persona5/ann/english/p5r/Panther/bp04 [176].wav,1.161
./voice-clips/persona5/ann/english/p5r/Panther/bp04 [215].wav,1.1609166666666666
./voice-clips/persona5/ann/english/p5r/Panther/bp04 [118].wav,1.1584166666666667
./voice-clips/persona5/ann/english/p5r/Panther/bp04 [205].wav,1.1569583333333333
./voice-clips/persona5/ann/english/p5r/Ann Takamaki/00985_streaming_dec.wav,1.15675
./voice-clips/persona5/ann/english/p5r/Ann Takamaki/08833_streaming_dec.wav,1.154875
./voice-clips/persona5/ann/english/p5r/Ann Takamaki/00998_streaming_dec.wav,1.1516666666666666
./voice-clips/persona5/ann/english/p5r/Panther/bp04 [94].wav,1.1502083333333333
./voice-clips/persona5/ann/english/p5r/Panther/bp04 [213].wav,1.1495
./voice-clips/persona5/ann/english/p5r/Panther/bp04 [214].wav,1.1467916666666667
./voice-clips/persona5/ann/japanese/p5r/Panther/bp04 [271].wav,1.140375
./voice-clips/persona5/ann/english/p5r/Panther/bp04 [33].wav,1.1391666666666667
./voice-clips/persona5/ann/english/p5r/Ann Takamaki/01126_streaming_dec.wav,1.1382916666666667
./voice-clips/persona5/ann/english/p5r/Panther/bp04 [207].wav,1.136875
./voice-clips/persona5/ann/japanese/p5r/Panther/bp04 [84].wav,1.1345833333333333
./voice-clips/persona5/ann/english/p5r/Ann Takamaki/08838_streaming_dec.wav,1.134125
./voice-clips/persona5/ann/english/p5r/Ann Takamaki/08832_streaming_dec.wav,1.1317083333333333
./voice-clips/persona5/ann/japanese/p5r/Panther/bp04 [98].wav,1.12825
./voice-clips/persona5/ann/english/p5r/Panther/bp04 [44].wav,1.127125
./voice-clips/persona5/ann/japanese/p5r/Panther/bp04 [275].wav,1.126875
./voice-clips/persona5/ann/japanese/p5r/Panther/bp04 [254].wav,1.126
./voice-clips/persona5/ann/japanese/p5r/Panther/bp04 [2].wav,1.1243333333333334
./voice-clips/persona5/ann/english/p5r/Panther/bp04 [224].wav,1.1225416666666668
./voice-clips/persona5/ann/english/p5r/Panther/bp04 [174].wav,1.1215416666666667
./voice-clips/persona5/ann/english/p5r/Panther/bp04 [198].wav,1.1209583333333333
./voice-clips/persona5/ann/japanese/p5r/Panther/bp04 [159].wav,1.1205416666666668
./voice-clips/persona5/ann/english/p5r/Ann Takamaki/08822_streaming_dec.wav,1.1165833333333333
./voice-clips/persona5/ann/english/p5r/Ann Takamaki/01208_streaming_dec.wav,1.115875
./voice-clips/persona5/ann/english/p5r/Panther/bp04 [108].wav,1.1142916666666667
./voice-clips/persona5/ann/english/p5r/Panther/bp04 [248].wav,1.1135833333333334
./voice-clips/persona5/ann/english/p5r/Panther/bp04 [263].wav,1.1129166666666668
./voice-clips/persona5/ann/japanese/p5r/Panther/bp04 [118].wav,1.1128333333333333
./voice-clips/persona5/ann/english/p5r/Panther/bp04 [69].wav,1.112
./voice-clips/persona5/ann/japanese/p5r/Panther/bp04 [66].wav,1.111125
./voice-clips/persona5/ann/english/p5r/Ann Takamaki/01238_streaming_dec.wav,1.107125
./voice-clips/persona5/ann/english/p5r/Panther/bp04 [16].wav,1.105375
./voice-clips/persona5/ann/japanese/p5r/Panther/bp04 [117].wav,1.1001666666666667
./voice-clips/persona5/ann/english/p5r/Panther/bp04 [130].wav,1.0999583333333334
./voice-clips/persona5/ann/japanese/p5r/Panther/bp04 [171].wav,1.0997083333333333
./voice-clips/persona5/ann/japanese/p5r/Panther/bp04 [36].wav,1.0997083333333333
./voice-clips/persona5/ann/english/p5r/Panther/bp04 [260].wav,1.0989583333333333
./voice-clips/persona5/ann/english/p5r/Ann Takamaki/01173_streaming_dec.wav,1.09225
./voice-clips/persona5/ann/english/p5r/Ann Takamaki/01270_streaming_dec.wav,1.08825
./voice-clips/persona5/ann/english/p5r/Panther/bp04 [13].wav,1.0854166666666667
./voice-clips/persona5/ann/english/p5r/Panther/bp04 [18].wav,1.08125
./voice-clips/persona5/ann/english/p5r/Ann Takamaki/01034_streaming_dec.wav,1.0808333333333333
./voice-clips/persona5/ann/english/p5r/Panther/bp04 [92].wav,1.078875
./voice-clips/persona5/ann/english/p5r/Panther/bp04 [212].wav,1.076625
./voice-clips/persona5/ann/japanese/p5r/Panther/bp04 [158].wav,1.07525
./voice-clips/persona5/ann/english/p5r/Ann Takamaki/01196_streaming_dec.wav,1.07225
./voice-clips/persona5/ann/japanese/p5r/Panther/bp04 [163].wav,1.0697916666666667
./voice-clips/persona5/ann/english/p5r/Panther/bp04 [159].wav,1.063125
./voice-clips/persona5/ann/english/p5r/Ann Takamaki/08827_streaming_dec.wav,1.060875
./voice-clips/persona5/ann/english/p5r/Panther/bp04 [157].wav,1.0608333333333333
./voice-clips/persona5/ann/japanese/p5r/Panther/bp04 [97].wav,1.0585
./voice-clips/persona5/ann/english/p5r/Ann Takamaki/01033_streaming_dec.wav,1.0572916666666667
./voice-clips/persona5/ann/english/p5r/Ann Takamaki/01207_streaming_dec.wav,1.0567916666666666
./voice-clips/persona5/ann/english/p5r/Ann Takamaki/01201_streaming_dec.wav,1.0565833333333334
./voice-clips/persona5/ann/english/p5r/Ann Takamaki/01137_streaming_dec.wav,1.0562916666666666
./voice-clips/persona5/ann/english/p5r/Panther/bp04 [202].wav,1.05625
./voice-clips/persona5/ann/japanese/p5r/Panther/bp04 [96].wav,1.0557916666666667
./voice-clips/persona5/ann/english/p5r/Ann Takamaki/01259_streaming_dec.wav,1.0544166666666666
./voice-clips/persona5/ann/japanese/p5r/Panther/bp04 [83].wav,1.0530416666666667
./voice-clips/persona5/ann/japanese/p5r/Panther/bp04 [105].wav,1.052125
./voice-clips/persona5/ann/english/p5r/Panther/bp04 [90].wav,1.0509166666666667
./voice-clips/persona5/ann/japanese/p5r/Panther/bp04 [106].wav,1.0503333333333333
./voice-clips/persona5/ann/english/p5r/Ann Takamaki/01169_streaming_dec.wav,1.047
./voice-clips/persona5/ann/english/p5r/Panther/bp04 [257].wav,1.0453333333333332
./voice-clips/persona5/ann/english/p5r/Ann Takamaki/01104_streaming_dec.wav,1.0452083333333333
./voice-clips/persona5/ann/english/p5r/Panther/bp04 [117].wav,1.0445
./voice-clips/persona5/ann/english/p5r/Panther/bp04 [228].wav,1.0434583333333334
./voice-clips/persona5/ann/japanese/p5r/Panther/bp04 [100].wav,1.0430833333333334
./voice-clips/persona5/ann/english/p5r/Ann Takamaki/01107_streaming_dec.wav,1.0412916666666667
./voice-clips/persona5/ann/english/p5r/Panther/bp04 [168].wav,1.0380416666666668
./voice-clips/persona5/ann/japanese/p5r/Panther/bp04 [260].wav,1.0372083333333333
./voice-clips/persona5/ann/english/p5r/Ann Takamaki/01265_streaming_dec.wav,1.034375
./voice-clips/persona5/ann/english/p5r/Ann Takamaki/08843_streaming_dec.wav,1.03375
./voice-clips/persona5/ann/english/p5r/Ann Takamaki/01152_streaming_dec.wav,1.0325
./voice-clips/persona5/ann/english/p5r/Panther/bp04 [191].wav,1.0322916666666666
./voice-clips/persona5/ann/english/p5r/Panther/bp04 [116].wav,1.0318333333333334
./voice-clips/persona5/ann/english/p5r/Panther/bp04 [79].wav,1.0302083333333334
./voice-clips/persona5/ann/japanese/p5r/Panther/bp04 [131].wav,1.0290416666666666
./voice-clips/persona5/ann/english/p5r/Ann Takamaki/08872_streaming_dec.wav,1.028625
./voice-clips/persona5/ann/english/p5r/Ann Takamaki/01226_streaming_dec.wav,1.0282916666666666
./voice-clips/persona5/ann/english/p5r/Ann Takamaki/01209_streaming_dec.wav,1.0275833333333333
./voice-clips/persona5/ann/english/p5r/Panther/bp04 [196].wav,1.0265833333333334
./voice-clips/persona5/ann/english/p5r/Ann Takamaki/08840_streaming_dec.wav,1.0246666666666666
./voice-clips/persona5/ann/english/p5r/Panther/bp04 [216].wav,1.024125
./voice-clips/persona5/ann/english/p5r/Panther/bp04 [279].wav,1.0221666666666667
./voice-clips/persona5/ann/japanese/p5r/Panther/bp04 [276].wav,1.0209166666666667
./voice-clips/persona5/ann/english/p5r/Ann Takamaki/01227_streaming_dec.wav,1.0199583333333333
./voice-clips/persona5/ann/english/p5r/Ann Takamaki/01228_streaming_dec.wav,1.01625
./voice-clips/persona5/ann/japanese/p5r/Panther/bp04 [25].wav,1.015
./voice-clips/persona5/ann/english/p5r/Panther/bp04 [232].wav,1.0144166666666667
./voice-clips/persona5/ann/english/p5r/Panther/bp04 [262].wav,1.0131666666666668
./voice-clips/persona5/ann/japanese/p5r/Panther/bp04 [28].wav,1.0123333333333333
./voice-clips/persona5/ann/english/p5r/Panther/bp04 [278].wav,1.0122083333333334
./voice-clips/persona5/ann/english/p5r/Ann Takamaki/01106_streaming_dec.wav,1.011625
./voice-clips/persona5/ann/english/p5r/Panther/bp04 [91].wav,1.0102083333333334
./voice-clips/persona5/ann/japanese/p5r/Panther/bp04 [267].wav,1.0082083333333334
./voice-clips/persona5/ann/japanese/p5r/Panther/bp04 [272].wav,1.0082083333333334
./voice-clips/persona5/ann/japanese/p5r/Panther/bp04 [73].wav,1.0082083333333334
./voice-clips/persona5/ann/japanese/p5r/Panther/bp04 [88].wav,1.0082083333333334
./voice-clips/persona5/ann/english/p5r/Ann Takamaki/08849_streaming_dec.wav,1.0079166666666666
./voice-clips/persona5/ann/english/p5r/Ann Takamaki/01162_streaming_dec.wav,1.006625
./voice-clips/persona5/ann/english/p5r/Ann Takamaki/01195_streaming_dec.wav,1.00375
./voice-clips/persona5/ann/japanese/p5r/Panther/bp04 [279].wav,1.0017916666666666
./voice-clips/persona5/ann/english/p5r/Panther/bp04 [78].wav,0.9998333333333334
./voice-clips/persona5/ann/english/p5r/Ann Takamaki/01187_streaming_dec.wav,0.9959583333333333
./voice-clips/persona5/ann/english/p5r/Ann Takamaki/08805_streaming_dec.wav,0.9952083333333334
./voice-clips/persona5/ann/english/p5r/Ann Takamaki/01233_streaming_dec.wav,0.9932083333333334
./voice-clips/persona5/ann/english/p5r/Panther/bp04 [77].wav,0.9901666666666666
./voice-clips/persona5/ann/japanese/p5r/Panther/bp04 [225].wav,0.989625
./voice-clips/persona5/ann/japanese/p5r/Panther/bp04 [95].wav,0.9850833333333333
./voice-clips/persona5/ann/english/p5r/Ann Takamaki/01214_streaming_dec.wav,0.984875
./voice-clips/persona5/ann/english/p5r/Panther/bp04 [34].wav,0.9842083333333334
./voice-clips/persona5/ann/english/p5r/Ann Takamaki/01229_streaming_dec.wav,0.9801666666666666
./voice-clips/persona5/ann/english/p5r/Panther/bp04 [84].wav,0.9799583333333334
./voice-clips/persona5/ann/english/p5r/Panther/bp04 [64].wav,0.97975
./voice-clips/persona5/ann/english/p5r/Ann Takamaki/01272_streaming_dec.wav,0.9758333333333333
./voice-clips/persona5/ann/english/p5r/Panther/bp04 [230].wav,0.9755833333333334
./voice-clips/persona5/ann/english/p5r/Panther/bp04 [3].wav,0.9751666666666666
./voice-clips/persona5/ann/japanese/p5r/Panther/bp04 [115].wav,0.9733333333333334
./voice-clips/persona5/ann/english/p5r/Panther/bp04 [183].wav,0.9722916666666667
./voice-clips/persona5/ann/english/p5r/Panther/bp04 [254].wav,0.969375
./voice-clips/persona5/ann/english/p5r/Panther/bp04 [131].wav,0.9690416666666667
./voice-clips/persona5/ann/japanese/p5r/Panther/bp04 [222].wav,0.967875
./voice-clips/persona5/ann/english/p5r/Ann Takamaki/01110_streaming_dec.wav,0.9674583333333333
./voice-clips/persona5/ann/english/p5r/Ann Takamaki/01177_streaming_dec.wav,0.9657083333333333
./voice-clips/persona5/ann/english/p5r/Panther/bp04 [97].wav,0.957625
./voice-clips/persona5/ann/english/p5r/Panther/bp04 [128].wav,0.9537083333333334
./voice-clips/persona5/ann/english/p5r/Ann Takamaki/08851_streaming_dec.wav,0.953625
./voice-clips/persona5/ann/english/p5r/Ann Takamaki/01231_streaming_dec.wav,0.9524166666666667
./voice-clips/persona5/ann/japanese/p5r/Panther/bp04 [101].wav,0.9520416666666667
./voice-clips/persona5/ann/japanese/p5r/Panther/bp04 [259].wav,0.952
./voice-clips/persona5/ann/english/p5r/Panther/bp04 [89].wav,0.9467083333333334
./voice-clips/persona5/ann/english/p5r/Panther/bp04 [104].wav,0.943875
./voice-clips/persona5/ann/english/p5r/Panther/bp04 [105].wav,0.9437916666666667
./voice-clips/persona5/ann/english/p5r/Panther/bp04 [100].wav,0.943625
./voice-clips/persona5/ann/english/p5r/Ann Takamaki/01125_streaming_dec.wav,0.9396666666666667
./voice-clips/persona5/ann/japanese/p5r/Panther/bp04 [99].wav,0.9379583333333333
./voice-clips/persona5/ann/english/p5r/Ann Takamaki/01136_streaming_dec.wav,0.9374166666666667
./voice-clips/persona5/ann/english/p5r/Ann Takamaki/00953_streaming_dec.wav,0.9370416666666667
./voice-clips/persona5/ann/japanese/p5r/Panther/bp04 [162].wav,0.9357083333333334
./voice-clips/persona5/ann/english/p5r/Ann Takamaki/00970_streaming_dec.wav,0.9353333333333333
./voice-clips/persona5/ann/japanese/p5r/Panther/bp04 [266].wav,0.9339166666666666
./voice-clips/persona5/ann/japanese/p5r/Panther/bp04 [74].wav,0.9339166666666666
./voice-clips/persona5/ann/japanese/p5r/Panther/bp04 [87].wav,0.9339166666666666
./voice-clips/persona5/ann/english/p5r/Ann Takamaki/01158_streaming_dec.wav,0.93125
./voice-clips/persona5/ann/english/p5r/Ann Takamaki/01130_streaming_dec.wav,0.9255
./voice-clips/persona5/ann/english/p5r/Panther/bp04 [256].wav,0.9249166666666667
./voice-clips/persona5/ann/english/p5r/Ann Takamaki/01142_streaming_dec.wav,0.9241666666666667
./voice-clips/persona5/ann/english/p5r/Panther/bp04 [99].wav,0.9235416666666667
./voice-clips/persona5/ann/english/p5r/Ann Takamaki/01219_streaming_dec.wav,0.922375
./voice-clips/persona5/ann/english/p5r/Ann Takamaki/01122_streaming_dec.wav,0.92075
./voice-clips/persona5/ann/english/p5r/Ann Takamaki/01192_streaming_dec.wav,0.918125
./voice-clips/persona5/ann/english/p5r/Panther/bp04 [190].wav,0.9135416666666667
./voice-clips/persona5/ann/english/p5r/Panther/bp04 [141].wav,0.9119583333333333
./voice-clips/persona5/ann/japanese/p5r/Panther/bp04 [210].wav,0.907625
./voice-clips/persona5/ann/english/p5r/Panther/bp04 [96].wav,0.9062083333333333
./voice-clips/persona5/ann/english/p5r/Ann Takamaki/01243_streaming_dec.wav,0.9034166666666666
./voice-clips/persona5/ann/english/p5r/Panther/bp04 [103].wav,0.9033333333333333
./voice-clips/persona5/ann/english/p5r/Ann Takamaki/00952_streaming_dec.wav,0.9017916666666667
./voice-clips/persona5/ann/english/p5r/Panther/bp04 [62].wav,0.901375
./voice-clips/persona5/ann/english/p5r/Ann Takamaki/01040_streaming_dec.wav,0.90125
./voice-clips/persona5/ann/english/p5r/Panther/bp04 [221].wav,0.8922083333333334
./voice-clips/persona5/ann/japanese/p5r/Panther/bp04 [102].wav,0.8922083333333334
./voice-clips/persona5/ann/japanese/p5r/Panther/bp04 [187].wav,0.8910416666666666
./voice-clips/persona5/ann/japanese/p5r/Panther/bp04 [257].wav,0.8890416666666666
./voice-clips/persona5/ann/english/p5r/Panther/bp04 [17].wav,0.885125
./voice-clips/persona5/ann/english/p5r/Ann Takamaki/08814_streaming_dec.wav,0.88475
./voice-clips/persona5/ann/japanese/p5r/Panther/bp04 [155].wav,0.8831666666666667
./voice-clips/persona5/ann/english/p5r/Ann Takamaki/08804_streaming_dec.wav,0.8806666666666667
./voice-clips/persona5/ann/english/p5r/Ann Takamaki/01032_streaming_dec.wav,0.8783333333333333
./voice-clips/persona5/ann/english/p5r/Ann Takamaki/08802_streaming_dec.wav,0.8783333333333333
./voice-clips/persona5/ann/english/p5r/Panther/bp04 [169].wav,0.877875
./voice-clips/persona5/ann/english/p5r/Panther/bp04 [210].wav,0.8774583333333333
./voice-clips/persona5/ann/english/p5r/Panther/bp04 [31].wav,0.877375
./voice-clips/persona5/ann/japanese/p5r/Panther/bp04 [1].wav,0.875
./voice-clips/persona5/ann/english/p5r/Panther/bp04 [162].wav,0.8702916666666667
./voice-clips/persona5/ann/english/p5r/Ann Takamaki/00951_streaming_dec.wav,0.8687916666666666
./voice-clips/persona5/ann/english/p5r/Ann Takamaki/01156_streaming_dec.wav,0.86625
./voice-clips/persona5/ann/english/p5r/Panther/bp04 [165].wav,0.863
./voice-clips/persona5/ann/english/p5r/Ann Takamaki/01257_streaming_dec.wav,0.8624583333333333
./voice-clips/persona5/ann/english/p5r/Panther/bp04 [276].wav,0.8623333333333333
./voice-clips/persona5/ann/japanese/p5r/Panther/bp04 [161].wav,0.861875
./voice-clips/persona5/ann/english/p5r/Panther/bp04 [164].wav,0.8595
./voice-clips/persona5/ann/english/p5r/Ann Takamaki/01193_streaming_dec.wav,0.8595
./voice-clips/persona5/ann/japanese/p5r/Panther/bp04 [233].wav,0.8562083333333333
./voice-clips/persona5/ann/english/p5r/Panther/bp04 [28].wav,0.8545
./voice-clips/persona5/ann/english/p5r/Ann Takamaki/01145_streaming_dec.wav,0.8504583333333333
./voice-clips/persona5/ann/english/p5r/Ann Takamaki/01178_streaming_dec.wav,0.84375
./voice-clips/persona5/ann/english/p5r/Panther/bp04 [37].wav,0.8395833333333333
./voice-clips/persona5/ann/english/p5r/Panther/bp04 [250].wav,0.8390416666666667
./voice-clips/persona5/ann/english/p5r/Ann Takamaki/01019_streaming_dec.wav,0.8382083333333333
./voice-clips/persona5/ann/english/p5r/Panther/bp04 [111].wav,0.8355833333333333
./voice-clips/persona5/ann/english/p5r/Panther/bp04 [160].wav,0.8344166666666667
./voice-clips/persona5/ann/english/p5r/Panther/bp04 [222].wav,0.8342083333333333
./voice-clips/persona5/ann/japanese/p5r/Panther/bp04 [234].wav,0.8335416666666666
./voice-clips/persona5/ann/japanese/p5r/Panther/bp04 [251].wav,0.8229166666666666
./voice-clips/persona5/ann/english/p5r/Ann Takamaki/08836_streaming_dec.wav,0.8217083333333334
./voice-clips/persona5/ann/english/p5r/Panther/bp04 [187].wav,0.8205
./voice-clips/persona5/ann/japanese/p5r/Panther/bp04 [107].wav,0.8192916666666666
./voice-clips/persona5/ann/japanese/p5r/Panther/bp04 [114].wav,0.8179166666666666
./voice-clips/persona5/ann/english/p5r/Ann Takamaki/08866_streaming_dec.wav,0.816125
./voice-clips/persona5/ann/japanese/p5r/Panther/bp04 [255].wav,0.8152083333333333
./voice-clips/persona5/ann/english/p5r/Panther/bp04 [27].wav,0.8144166666666667
./voice-clips/persona5/ann/english/p5r/Panther/bp04 [115].wav,0.8125416666666667
./voice-clips/persona5/ann/japanese/p5r/Panther/bp04 [112].wav,0.8120416666666667
./voice-clips/persona5/ann/japanese/p5r/Panther/bp04 [268].wav,0.8120416666666667
./voice-clips/persona5/ann/japanese/p5r/Panther/bp04 [189].wav,0.811125
./voice-clips/persona5/ann/english/p5r/Panther/bp04 [1].wav,0.8107083333333334
./voice-clips/persona5/ann/english/p5r/Panther/bp04 [259].wav,0.8087916666666667
./voice-clips/persona5/ann/english/p5r/Panther/bp04 [204].wav,0.8085
./voice-clips/persona5/ann/japanese/p5r/Panther/bp04 [231].wav,0.8065833333333333
./voice-clips/persona5/ann/english/p5r/Ann Takamaki/01258_streaming_dec.wav,0.8015
./voice-clips/persona5/ann/english/p5r/Panther/bp04 [280].wav,0.8002083333333333
./voice-clips/persona5/ann/english/p5r/Ann Takamaki/08813_streaming_dec.wav,0.79725
./voice-clips/persona5/ann/english/p5r/Panther/bp04 [25].wav,0.7970833333333334
./voice-clips/persona5/ann/english/p5r/Panther/bp04 [231].wav,0.7967083333333334
./voice-clips/persona5/ann/japanese/p5r/Panther/bp04 [167].wav,0.796625
./voice-clips/persona5/ann/japanese/p5r/Panther/bp04 [32].wav,0.796625
./voice-clips/persona5/ann/japanese/p5r/Panther/bp04 [247].wav,0.7957083333333334
./voice-clips/persona5/ann/english/p5r/Ann Takamaki/01263_streaming_dec.wav,0.794875
./voice-clips/persona5/ann/english/p5r/Ann Takamaki/01127_streaming_dec.wav,0.79425
./voice-clips/persona5/ann/english/p5r/Ann Takamaki/01164_streaming_dec.wav,0.7929583333333333
./voice-clips/persona5/ann/english/p5r/Ann Takamaki/08845_streaming_dec.wav,0.78875
./voice-clips/persona5/ann/english/p5r/Ann Takamaki/01157_streaming_dec.wav,0.786625
./voice-clips/persona5/ann/english/p5r/Panther/bp04 [270].wav,0.7826666666666666
./voice-clips/persona5/ann/english/p5r/Panther/bp04 [106].wav,0.78225
./voice-clips/persona5/ann/english/p5r/Panther/bp04 [158].wav,0.781625
./voice-clips/persona5/ann/english/p5r/Ann Takamaki/01120_streaming_dec.wav,0.7785
./voice-clips/persona5/ann/english/p5r/Ann Takamaki/08818_streaming_dec.wav,0.7779166666666667
./voice-clips/persona5/ann/english/p5r/Ann Takamaki/01161_streaming_dec.wav,0.7776666666666666
./voice-clips/persona5/ann/english/p5r/Ann Takamaki/01174_streaming_dec.wav,0.7769583333333333
./voice-clips/persona5/ann/japanese/p5r/Panther/bp04 [62].wav,0.7767083333333333
./voice-clips/persona5/ann/english/p5r/Ann Takamaki/08800_streaming_dec.wav,0.7717916666666667
./voice-clips/persona5/ann/english/p5r/Ann Takamaki/08844_streaming_dec.wav,0.771125
./voice-clips/persona5/ann/english/p5r/Panther/bp04 [74].wav,0.7672916666666667
./voice-clips/persona5/ann/english/p5r/Ann Takamaki/01234_streaming_dec.wav,0.7665
./voice-clips/persona5/ann/english/p5r/Ann Takamaki/08837_streaming_dec.wav,0.7650833333333333
./voice-clips/persona5/ann/japanese/p5r/Panther/bp04 [69].wav,0.76325
./voice-clips/persona5/ann/english/p5r/Ann Takamaki/01225_streaming_dec.wav,0.763125
./voice-clips/persona5/ann/english/p5r/Panther/bp04 [102].wav,0.762625
./voice-clips/persona5/ann/english/p5r/Ann Takamaki/01146_streaming_dec.wav,0.7621666666666667
./voice-clips/persona5/ann/japanese/p5r/Panther/bp04 [26].wav,0.7616666666666667
./voice-clips/persona5/ann/japanese/p5r/Panther/bp04 [109].wav,0.7604166666666666
./voice-clips/persona5/ann/english/p5r/Panther/bp04 [2].wav,0.7584583333333333
./voice-clips/persona5/ann/english/p5r/Ann Takamaki/08835_streaming_dec.wav,0.7584583333333333
./voice-clips/persona5/ann/english/p5r/Ann Takamaki/01271_streaming_dec.wav,0.757875
./voice-clips/persona5/ann/english/p5r/Panther/bp04 [266].wav,0.7565833333333334
./voice-clips/persona5/ann/english/p5r/Panther/bp04 [87].wav,0.7565833333333334
./voice-clips/persona5/ann/english/p5r/Ann Takamaki/08798_streaming_dec.wav,0.7562916666666667
./voice-clips/persona5/ann/english/p5r/Ann Takamaki/08803_streaming_dec.wav,0.756
./voice-clips/persona5/ann/english/p5r/Panther/bp04 [233].wav,0.7556666666666667
./voice-clips/persona5/ann/english/p5r/Ann Takamaki/08867_streaming_dec.wav,0.7551666666666667
./voice-clips/persona5/ann/english/p5r/Panther/bp04 [189].wav,0.7548333333333334
./voice-clips/persona5/ann/english/p5r/Ann Takamaki/08799_streaming_dec.wav,0.7509166666666667
./voice-clips/persona5/ann/english/p5r/Panther/bp04 [133].wav,0.7493333333333333
./voice-clips/persona5/ann/english/p5r/Ann Takamaki/01172_streaming_dec.wav,0.747375
./voice-clips/persona5/ann/english/p5r/Ann Takamaki/01218_streaming_dec.wav,0.747375
./voice-clips/persona5/ann/english/p5r/Ann Takamaki/01112_streaming_dec.wav,0.7469583333333333
./voice-clips/persona5/ann/english/p5r/Ann Takamaki/08834_streaming_dec.wav,0.7415416666666667
./voice-clips/persona5/ann/english/p5r/Panther/bp04 [163].wav,0.7405416666666667
./voice-clips/persona5/ann/english/p5r/Ann Takamaki/01149_streaming_dec.wav,0.7392916666666667
./voice-clips/persona5/ann/english/p5r/Panther/bp04 [264].wav,0.7384583333333333
./voice-clips/persona5/ann/english/p5r/Panther/bp04 [82].wav,0.7384583333333333
./voice-clips/persona5/ann/english/p5r/Panther/bp04 [225].wav,0.7359583333333334
./voice-clips/persona5/ann/english/p5r/Panther/bp04 [36].wav,0.7357083333333333
./voice-clips/persona5/ann/english/p5r/Panther/bp04 [83].wav,0.735375
./voice-clips/persona5/ann/japanese/p5r/Panther/bp04 [93].wav,0.7353333333333333
./voice-clips/persona5/ann/japanese/p5r/Panther/bp04 [280].wav,0.7347916666666666
./voice-clips/persona5/ann/english/p5r/Ann Takamaki/01148_streaming_dec.wav,0.7344583333333333
./voice-clips/persona5/ann/english/p5r/Panther/bp04 [156].wav,0.7279166666666667
./voice-clips/persona5/ann/english/p5r/Ann Takamaki/01236_streaming_dec.wav,0.7270833333333333
./voice-clips/persona5/ann/japanese/p5r/Panther/bp04 [264].wav,0.7259583333333334
./voice-clips/persona5/ann/japanese/p5r/Panther/bp04 [270].wav,0.7259583333333334
./voice-clips/persona5/ann/japanese/p5r/Panther/bp04 [82].wav,0.7259583333333334
./voice-clips/persona5/ann/english/p5r/Panther/bp04 [234].wav,0.725875
./voice-clips/persona5/ann/japanese/p5r/Panther/bp04 [156].wav,0.7250416666666667
./voice-clips/persona5/ann/english/p5r/Ann Takamaki/01081_streaming_dec.wav,0.7242916666666667
./voice-clips/persona5/ann/english/p5r/Panther/bp04 [114].wav,0.7212916666666667
./voice-clips/persona5/ann/english/p5r/Ann Takamaki/01144_streaming_dec.wav,0.7170416666666667
./voice-clips/persona5/ann/japanese/p5r/Panther/bp04 [22].wav,0.717
./voice-clips/persona5/ann/english/p5r/Ann Takamaki/08824_streaming_dec.wav,0.7155833333333333
./voice-clips/persona5/ann/english/p5r/Panther/bp04 [167].wav,0.7121666666666666
./voice-clips/persona5/ann/english/p5r/Ann Takamaki/08821_streaming_dec.wav,0.7112083333333333
./voice-clips/persona5/ann/english/p5r/Panther/bp04 [110].wav,0.70925
./voice-clips/persona5/ann/english/p5r/Ann Takamaki/01115_streaming_dec.wav,0.7060833333333333
./voice-clips/persona5/ann/english/p5r/Ann Takamaki/01210_streaming_dec.wav,0.7059166666666666
./voice-clips/persona5/ann/english/p5r/Panther/bp04 [255].wav,0.70325
./voice-clips/persona5/ann/japanese/p5r/Panther/bp04 [80].wav,0.695625
./voice-clips/persona5/ann/japanese/p5r/Panther/bp04 [27].wav,0.695
./voice-clips/persona5/ann/english/p5r/Ann Takamaki/01083_streaming_dec.wav,0.6946666666666667
./voice-clips/persona5/ann/japanese/p5r/Panther/bp04 [274].wav,0.69425
./voice-clips/persona5/ann/english/p5r/Ann Takamaki/08816_streaming_dec.wav,0.6915
./voice-clips/persona5/ann/english/p5r/Panther/bp04 [247].wav,0.6894166666666667
./voice-clips/persona5/ann/english/p5r/Ann Takamaki/00956_streaming_dec.wav,0.6891666666666667
./voice-clips/persona5/ann/english/p5r/Ann Takamaki/08806_streaming_dec.wav,0.688375
./voice-clips/persona5/ann/english/p5r/Panther/bp04 [277].wav,0.6854583333333333
./voice-clips/persona5/ann/english/p5r/Ann Takamaki/01262_streaming_dec.wav,0.6825833333333333
./voice-clips/persona5/ann/english/p5r/Panther/bp04 [107].wav,0.6820833333333334
./voice-clips/persona5/ann/japanese/p5r/Panther/bp04 [71].wav,0.6806666666666666
./voice-clips/persona5/ann/japanese/p5r/Panther/bp04 [85].wav,0.6806666666666666
./voice-clips/persona5/ann/english/p5r/Ann Takamaki/01123_streaming_dec.wav,0.6794583333333334
./voice-clips/persona5/ann/english/p5r/Panther/bp04 [26].wav,0.67675
./voice-clips/persona5/ann/japanese/p5r/Panther/bp04 [127].wav,0.67125
./voice-clips/persona5/ann/english/p5r/Ann Takamaki/08848_streaming_dec.wav,0.6706666666666666
./voice-clips/persona5/ann/japanese/p5r/Panther/bp04 [23].wav,0.6676666666666666
./voice-clips/persona5/ann/english/p5r/Ann Takamaki/01170_streaming_dec.wav,0.666375
./voice-clips/persona5/ann/japanese/p5r/Panther/bp04 [24].wav,0.6656666666666666
./voice-clips/persona5/ann/english/p5r/Panther/bp04 [161].wav,0.6649166666666667
./voice-clips/persona5/ann/english/p5r/Ann Takamaki/08831_streaming_dec.wav,0.6638333333333334
./voice-clips/persona5/ann/english/p5r/Panther/bp04 [80].wav,0.6619583333333333
./voice-clips/persona5/ann/japanese/p5r/Panther/bp04 [277].wav,0.661625
./voice-clips/persona5/ann/japanese/p5r/Panther/bp04 [63].wav,0.659375
./voice-clips/persona5/ann/english/p5r/Ann Takamaki/01121_streaming_dec.wav,0.6587916666666667
./voice-clips/persona5/ann/english/p5r/Ann Takamaki/01237_streaming_dec.wav,0.6585833333333333
./voice-clips/persona5/ann/japanese/p5r/Panther/bp04 [124].wav,0.658
./voice-clips/persona5/ann/english/p5r/Ann Takamaki/01035_streaming_dec.wav,0.654
./voice-clips/persona5/ann/english/p5r/Ann Takamaki/08828_streaming_dec.wav,0.6518333333333334
./voice-clips/persona5/ann/english/p5r/Ann Takamaki/01168_streaming_dec.wav,0.6491666666666667
./voice-clips/persona5/ann/japanese/p5r/Panther/bp04 [229].wav,0.6485
./voice-clips/persona5/ann/japanese/p5r/Panther/bp04 [154].wav,0.6466666666666666
./voice-clips/persona5/ann/english/p5r/Ann Takamaki/01139_streaming_dec.wav,0.6444583333333334
./voice-clips/persona5/ann/english/p5r/Panther/bp04 [23].wav,0.64275
./voice-clips/persona5/ann/japanese/p5r/Panther/bp04 [123].wav,0.639875
./voice-clips/persona5/ann/english/p5r/Ann Takamaki/08807_streaming_dec.wav,0.63975
./voice-clips/persona5/ann/english/p5r/Ann Takamaki/01097_streaming_dec.wav,0.6382916666666667
./voice-clips/persona5/ann/english/p5r/Ann Takamaki/01213_streaming_dec.wav,0.63725
./voice-clips/persona5/ann/english/p5r/Panther/bp04 [101].wav,0.6357916666666666
./voice-clips/persona5/ann/english/p5r/Panther/bp04 [70].wav,0.6320416666666666
./voice-clips/persona5/ann/english/p5r/Panther/bp04 [72].wav,0.6320416666666666
./voice-clips/persona5/ann/english/p5r/Ann Takamaki/01269_streaming_dec.wav,0.630625
./voice-clips/persona5/ann/english/p5r/Panther/bp04 [267].wav,0.6279166666666667
./voice-clips/persona5/ann/english/p5r/Panther/bp04 [88].wav,0.6279166666666667
./voice-clips/persona5/ann/japanese/p5r/Panther/bp04 [153].wav,0.620875
./voice-clips/persona5/ann/english/p5r/Ann Takamaki/01080_streaming_dec.wav,0.620125
./voice-clips/persona5/ann/english/p5r/Panther/bp04 [251].wav,0.6170833333333333
./voice-clips/persona5/ann/english/p5r/Ann Takamaki/01245_streaming_dec.wav,0.6165416666666667
./voice-clips/persona5/ann/japanese/p5r/Panther/bp04 [129].wav,0.615875
./voice-clips/persona5/ann/english/p5r/Panther/bp04 [155].wav,0.6155
./voice-clips/persona5/ann/english/p5r/Panther/bp04 [272].wav,0.6154583333333333
./voice-clips/persona5/ann/english/p5r/Panther/bp04 [32].wav,0.61325
./voice-clips/persona5/ann/english/p5r/Panther/bp04 [274].wav,0.6120416666666667
./voice-clips/persona5/ann/english/p5r/Panther/bp04 [22].wav,0.6088333333333333
./voice-clips/persona5/ann/english/p5r/Ann Takamaki/08801_streaming_dec.wav,0.60775
./voice-clips/persona5/ann/english/p5r/Ann Takamaki/08808_streaming_dec.wav,0.5955
./voice-clips/persona5/ann/english/p5r/Ann Takamaki/01101_streaming_dec.wav,0.59425
./voice-clips/persona5/ann/japanese/p5r/Panther/bp04 [110].wav,0.5900416666666667
./voice-clips/persona5/ann/english/p5r/Panther/bp04 [123].wav,0.5892916666666667
./voice-clips/persona5/ann/english/p5r/Ann Takamaki/01114_streaming_dec.wav,0.5836666666666667
./voice-clips/persona5/ann/english/p5r/Panther/bp04 [229].wav,0.5815833333333333
./voice-clips/persona5/ann/english/p5r/Panther/bp04 [271].wav,0.5801666666666667
./voice-clips/persona5/ann/english/p5r/Ann Takamaki/01084_streaming_dec.wav,0.577875
./voice-clips/persona5/ann/english/p5r/Ann Takamaki/01223_streaming_dec.wav,0.577
./voice-clips/persona5/ann/english/p5r/Ann Takamaki/08810_streaming_dec.wav,0.5754583333333333
./voice-clips/persona5/ann/japanese/p5r/Panther/bp04 [253].wav,0.57375
./voice-clips/persona5/ann/english/p5r/Ann Takamaki/01194_streaming_dec.wav,0.5735416666666666
./voice-clips/persona5/ann/english/p5r/Ann Takamaki/01108_streaming_dec.wav,0.5661666666666667
./voice-clips/persona5/ann/english/p5r/Panther/bp04 [153].wav,0.5637083333333334
./voice-clips/persona5/ann/english/p5r/Panther/bp04 [98].wav,0.5595416666666667
./voice-clips/persona5/ann/english/p5r/Ann Takamaki/01163_streaming_dec.wav,0.55875
./voice-clips/persona5/ann/english/p5r/Panther/bp04 [112].wav,0.5566666666666666
./voice-clips/persona5/ann/english/p5r/Panther/bp04 [268].wav,0.5566666666666666
./voice-clips/persona5/ann/english/p5r/Ann Takamaki/01118_streaming_dec.wav,0.554875
./voice-clips/persona5/ann/english/p5r/Panther/bp04 [253].wav,0.5538333333333333
./voice-clips/persona5/ann/english/p5r/Ann Takamaki/01131_streaming_dec.wav,0.5531666666666667
./voice-clips/persona5/ann/english/p5r/Ann Takamaki/01141_streaming_dec.wav,0.5520833333333334
./voice-clips/persona5/ann/english/p5r/Ann Takamaki/08809_streaming_dec.wav,0.5485833333333333
./voice-clips/persona5/ann/english/p5r/Panther/bp04 [154].wav,0.5479166666666667
./voice-clips/persona5/ann/english/p5r/Ann Takamaki/01261_streaming_dec.wav,0.5412916666666666
./voice-clips/persona5/ann/english/p5r/Panther/bp04 [95].wav,0.5387916666666667
./voice-clips/persona5/ann/english/p5r/Ann Takamaki/08823_streaming_dec.wav,0.538125
./voice-clips/persona5/ann/english/p5r/Ann Takamaki/01031_streaming_dec.wav,0.53725
./voice-clips/persona5/ann/english/p5r/Ann Takamaki/01216_streaming_dec.wav,0.5329583333333333
./voice-clips/persona5/ann/japanese/p5r/Panther/bp04 [113].wav,0.5329583333333333
./voice-clips/persona5/ann/japanese/p5r/Panther/bp04 [269].wav,0.5329583333333333
./voice-clips/persona5/ann/english/p5r/Panther/bp04 [152].wav,0.532125
./voice-clips/persona5/ann/english/p5r/Panther/bp04 [127].wav,0.52725
./voice-clips/persona5/ann/english/p5r/Panther/bp04 [93].wav,0.5247083333333333
./voice-clips/persona5/ann/english/p5r/Ann Takamaki/01235_streaming_dec.wav,0.5180833333333333
./voice-clips/persona5/ann/japanese/p5r/Panther/bp04 [152].wav,0.517125
./voice-clips/persona5/ann/japanese/p5r/Panther/bp04 [81].wav,0.5125833333333333
./voice-clips/persona5/ann/english/p5r/Ann Takamaki/08847_streaming_dec.wav,0.5112083333333334
./voice-clips/persona5/ann/english/p5r/Panther/bp04 [63].wav,0.508625
./voice-clips/persona5/ann/english/p5r/Ann Takamaki/01264_streaming_dec.wav,0.5062916666666667
./voice-clips/persona5/ann/english/p5r/Ann Takamaki/08815_streaming_dec.wav,0.5055833333333334
./voice-clips/persona5/ann/english/p5r/Panther/bp04 [109].wav,0.5021666666666667
./voice-clips/persona5/ann/english/p5r/Panther/bp04 [129].wav,0.4912916666666667
./voice-clips/persona5/ann/english/p5r/Ann Takamaki/01215_streaming_dec.wav,0.4839583333333333
./voice-clips/persona5/ann/english/p5r/Panther/bp04 [269].wav,0.46570833333333334
./voice-clips/persona5/ann/english/p5r/Panther/bp04 [124].wav,0.450625
./voice-clips/persona5/ann/english/p5r/Ann Takamaki/01119_streaming_dec.wav,0.4498333333333333
./voice-clips/persona5/ann/english/p5r/Panther/bp04 [24].wav,0.44945833333333335
./voice-clips/persona5/ann/english/p5r/Panther/bp04 [85].wav,0.44495833333333334
./voice-clips/persona5/ann/english/p5r/Ann Takamaki/01082_streaming_dec.wav,0.4417083333333333
./voice-clips/persona5/ann/english/p5r/Ann Takamaki/08842_streaming_dec.wav,0.43816666666666665
./voice-clips/persona5/ann/english/p5r/Ann Takamaki/01098_streaming_dec.wav,0.4370833333333333
./voice-clips/persona5/ann/english/p5r/Ann Takamaki/01113_streaming_dec.wav,0.42754166666666665
./voice-clips/persona5/ann/english/p5r/Ann Takamaki/01096_streaming_dec.wav,0.4210833333333333
./voice-clips/persona5/ann/english/p5r/Ann Takamaki/08811_streaming_dec.wav,0.3884166666666667
./voice-clips/persona5/ann/japanese/p5r/Panther/bp04 [265].wav,0.36491666666666667
./voice-clips/persona5/ann/japanese/p5r/Panther/bp04 [273].wav,0.36491666666666667
./voice-clips/persona5/ann/japanese/p5r/Panther/bp04 [72].wav,0.36491666666666667
./voice-clips/persona5/ann/japanese/p5r/Panther/bp04 [86].wav,0.36491666666666667
./voice-clips/persona5/ann/english/p5r/Ann Takamaki/00950_streaming_dec.wav,0.348625
./voice-clips/persona5/ann/english/p5r/Ann Takamaki/01079_streaming_dec.wav,0.34833333333333333
./voice-clips/persona5/ann/english/p5r/Panther/bp04 [273].wav,0.318625
./voice-clips/persona5/ann/english/p5r/Panther/bp04 [86].wav,0.318625
./voice-clips/persona5/ann/english/p5r/Panther/bp04 [113].wav,0.308875
./voice-clips/persona5/ann/english/p5r/Panther/bp04 [81].wav,0.2881666666666667
./voice-clips/persona5/ann/english/p5r/Panther/bp04 [265].wav,0.2801666666666667
